Name,Sex,Age,AgeClass,BodyweightKg,WeightClassKg,Best3SquatKg,Best3BenchKg,Best3DeadliftKg,Wilks
Henk Nijstad,M,60.0,60-64,81.8,82.5,140.0,112.5,160.0,277.76
Coert Hoppenbrouwers,M,59.0,55-59,74.0,75,180.0,110.0,210.0,359.66
Tim Brouwers,M,28.5,24-34,91.0,93,25.0,125.0,75.0,142.84
Lisette Verlaan,F,26.5,24-34,56.4,57,120.0,65.0,155.0,397.82
Arjen Francke,M,22.5,20-23,111.26,120,227.5,165.0,292.5,401.74
Debby Van de Bos,F,38.0,35-39,64.3,67.5,50.0,32.5,85.0,177.15
Jaroslaw Reners,M,32.0,24-34,70.8,75,85.0,45.0,110.0,178.31
Nicky Gorissen,M,24.0,24-34,94.1,100,250.0,180.0,275.0,440.44
Frank Calor,M,33.5,24-34,58.5,59,100.0,120.0,100.0,279.38
Reno Kleijn,M,17.5,18-19,106.84,120,110.0,80.0,155.0,204.93
Djordi Kruyt,M,20.5,20-23,84.08,93,100.0,72.5,142.5,208.68
Sebastiaan Tempelaars,M,31.5,24-34,159.72,120+,372.5,242.5,320.0,512.71
Mart Siemerink,M,23.5,24-34,92.4,93,137.5,90.0,177.5,255.2
Mart van Doorn,M,19.5,20-23,80.84,83,127.5,80.0,150.0,242.48
Myrthe Scheepers,F,25.5,24-34,88.84,84+,85.0,55.0,112.5,219.38
Narjis Regadane,F,26.5,24-34,52.0,52,52.5,40.0,82.5,218.16
Myrthe Veenstra,F,21.5,20-23,67.06,69,70.0,42.5,95.0,212.78
Emmy Severijns,F,28.5,24-34,104.86,84+,110.0,60.0,135.0,250.71
Marjolein Egtberts,F,36.5,35-39,83.1,84,87.5,45.0,120.0,226.39
Kelly Alvares,F,30.5,24-34,118.1,84+,105.0,52.5,125.0,226.55
Kevin Evers,M,25.5,24-34,112.14,120,180.0,110.0,210.0,292.56
Isabel Van de Wijngaard,F,40.0,40-44,64.2,70,62.5,45.0,110.0,230.29
Rosan Diks,F,26.5,24-34,68.0,69,100.0,67.5,135.0,307.11
Carolien Schouten,F,49.5,45-49,53.6,57,65.0,45.0,100.0,255.7
Jeroen Koster,M,29.5,24-34,87.86,93,112.5,70.0,172.5,229.49
Jesse Wilbers,M,22.5,20-23,80.92,83,130.0,97.5,170.0,269.44
Dennis Lappee,M,20.5,20-23,83.08,93,105.0,95.0,145.0,230.16
Michael Diebels,M,26.5,24-34,79.7,83,117.5,75.0,145.0,230.96
Stephan Langeveld,M,49.5,45-49,89.3,93,120.0,75.0,165.0,230.74
Semiha Jukoviqi,M,25.0,24-34,72.1,75,120.0,67.5,130.0,232.71
Yvonne Kortsmit,F,24.5,24-34,69.7,72,120.0,82.5,137.5,339.25
Jesse Snijders,M,18.5,18-19,88.9,93,180.0,125.0,65.0,237.71
Erik Mollers,M,25.5,24-34,108.32,120,140.0,102.5,165.0,240.97
Kimberley van der Graaff,F,23.5,24-34,80.38,84,100.0,47.5,117.5,241.84
Roëlle Bosma,F,24.5,24-34,68.5,69,92.5,50.0,110.0,255.02
Lesley van Ginkel,F,30.5,24-34,106.72,84+,112.5,57.5,150.0,261.93
Noud de Jong,M,24.5,24-34,94.76,105,135.0,87.5,170.0,244.43
Kira Hornbostel,F,24.5,24-34,64.46,69,100.0,65.0,115.0,295.58
Gerben Timmer,M,20.5,20-23,102.96,105,162.5,100.0,205.0,281.34
Mette Dhond,F,24.5,24-34,71.8,76,87.5,50.0,112.5,244.46
Jur Slager,M,18.5,18-19,88.8,93,170.0,102.5,200.0,303.74
Tamara Jetten,F,28.5,24-34,74.54,76,112.5,62.5,135.0,295.84
Naomi Otten,F,26.5,24-34,74.28,76,110.0,60.0,115.0,272.59
Wytske Zevenboom,F,22.5,20-23,87.88,84+,110.0,55.0,112.5,242.24
Olivia Meng,F,23.5,24-34,66.3,69,112.5,45.0,122.5,289.5
Ruth Hellendoorn,M,23.0,20-23,125.0,125,150.0,100.0,195.0,253.58
Wendy van der Gun,F,40.5,40-44,69.92,72,95.0,45.0,120.0,258.86
Simon Freire Do Vale Matos,M,16.5,16-17,65.58,66,105.0,77.5,140.0,254.56
Emmica de Smet,F,31.5,24-34,74.9,76,90.0,52.5,117.5,247.37
Anell Roos,F,31.5,24-34,71.42,76,120.0,52.5,125.0,291.95
Pien van Leeuwen,F,22.5,20-23,100.18,84+,105.0,62.5,130.0,247.56
Kirsten Betsema,F,19.5,20-23,60.48,63,80.0,45.0,105.0,254.85
Rosa Stienstra,F,22.5,20-23,62.32,63,87.5,45.0,110.0,262.59
Harm Kuipers,M,29.0,24-34,117.5,125,215.0,120.0,250.0,338.04
Daan Dankers,M,16.5,16-17,72.28,74,112.5,75.0,160.0,254.24
Steffen van Dalen,M,25.0,24-34,106.4,110,150.0,135.0,200.0,288.49
Wasila Moktefi,F,22.5,20-23,87.4,84+,122.5,67.5,115.0,266.9
Stanislav Radosh,M,22.5,20-23,89.14,93,137.5,97.5,195.0,275.87
Sylvia Deemter,F,53.5,50-54,65.5,69,90.0,40.0,115.0,255.58
Nicole Kreuger,F,23.5,24-34,59.63,63,80.0,42.5,110.0,260.46
Shailinder Ganpat,M,23.5,24-34,64.5,66,100.0,72.5,152.5,260.12
Bram Dunnink,M,40.5,40-44,91.8,93,145.0,95.0,165.0,256.01
Sophie de Tombe,F,22.5,20-23,67.08,69,117.5,60.0,120.0,305.0
Tessa Snoek,F,22.5,20-23,67.2,69,110.0,45.0,140.0,302.05
Senna Duitgenius,M,17.5,18-19,67.2,74,130.0,75.0,175.0,294.03
Thomas Tijdeman,M,28.5,24-34,99.7,105,215.0,130.0,230.0,350.36
Tom Kuurstra,M,20.5,20-23,57.92,59,105.0,77.5,137.5,282.02
Romy van Dillen,F,20.5,20-23,64.8,69,110.0,45.0,105.0,273.39
Ilona van Gameren,F,34.0,24-34,74.7,75,102.5,50.0,115.0,254.94
Edwin van Raaij,M,52.5,50-54,72.0,74,120.0,77.5,157.5,260.47
Daniël den Hollander,M,20.5,20-23,77.5,83,125.0,82.5,165.0,259.58
Dylan Maklev,M,16.5,16-17,64.16,66,112.5,70.0,145.0,263.3
Jennifer Brunek,F,23.5,24-34,70.1,72,100.0,42.5,117.5,258.41
Pascal Feijen,M,27.0,24-34,94.8,100,135.0,100.0,182.5,259.94
Louise Möllers,F,18.5,18-19,72.2,76,95.0,45.0,125.0,258.17
Aylin Bilaloglu,F,32.5,24-34,67.4,69,100.0,50.0,105.0,260.54
Marinus Breunisse,M,27.5,24-34,58.34,59,112.5,55.0,137.5,266.97
Iris van den Berg,F,21.5,20-23,80.8,84,110.0,47.5,130.0,261.63
Dominique van Deursen,F,22.5,20-23,80.39,84,152.5,75.0,175.0,367.3
Suzanne Bergstra,F,23.5,24-34,61.58,63,92.5,45.0,105.0,265.0
Linda Lanting,F,25.5,24-34,68.5,69,102.5,60.0,120.0,285.32
Tom Claessen,M,26.5,24-34,69.0,74,120.0,75.0,155.0,265.21
Nienke Eilander,F,28.5,24-34,75.28,76,152.5,65.0,162.5,360.4
Arjaan Martini,M,32.5,24-34,123.3,120+,230.0,110.0,295.0,362.88
Daniek Muller,F,23.5,24-34,65.24,69,100.0,47.5,105.0,264.18
Jorrit Sjoerdsma,M,17.5,18-19,77.6,83,120.0,80.0,180.0,264.58
Teddy Knoop,F,19.5,20-23,61.66,63,85.0,50.0,110.0,267.46
Cheryl Jansen,F,19.5,20-23,78.1,84,110.0,52.5,117.5,259.74
Henk Keur,M,69.5,65-69,103.24,105,120.0,120.0,220.0,276.55
Evelyne Fraats,F,21.5,20-23,82.96,84,112.5,47.5,140.0,269.22
Whitley Ponte-Arends,F,28.5,24-34,72.58,76,100.0,57.5,112.5,262.14
Jie Yi Wu Chen,F,28.5,24-34,51.18,52,97.5,65.0,127.5,365.98
Rick Boers,M,22.5,20-23,104.45,105,215.0,150.0,240.0,362.19
Yessi Kristiani,F,26.5,24-34,68.3,69,90.0,50.0,122.5,265.67
Mylene van der Scheer,F,18.5,18-19,61.86,63,105.0,62.5,125.0,318.53
Petra Willems,F,18.5,18-19,68.1,69,82.5,52.5,140.0,278.9
Elke de Leeuw,F,22.5,20-23,74.16,76,155.5,85.0,177.5,400.2
Arleen Meyer,F,42.5,40-44,68.5,69,107.5,67.5,130.0,308.05
Casper Zoeteman,M,31.5,24-34,87.5,93,135.0,107.5,170.0,267.25
Yanur Renckens,F,17.5,18-19,54.74,57,85.0,45.0,100.0,275.49
Michiel Stekelenburg,M,21.5,20-23,81.0,83,145.0,112.5,162.5,284.52
Eelco Hoetjes,M,41.5,40-44,90.32,93,155.0,87.5,185.0,272.42
Zan Zagar,M,23.5,24-34,81.34,83,120.0,105.0,172.5,268.58
Céline Cacchione,F,22.5,20-23,61.3,63,100.0,65.0,110.0,301.57
Rilana Pal,F,22.5,20-23,56.25,57,92.5,45.0,115.0,296.06
Rowan Scheepers,M,30.5,24-34,64.32,66,125.0,75.0,140.0,272.77
Milou van Delden,F,20.5,20-23,62.0,63,100.0,52.5,112.5,288.08
Max Wouters,M,22.5,20-23,73.65,74,202.5,135.0,227.5,407.79
Aniek Brugman,F,24.5,24-34,72.4,76,102.5,67.5,147.5,308.76
Jolein van den Bogaart,F,26.5,24-34,70.36,76,105.0,55.0,115.0,272.62
Freark Okkema,M,23.5,24-34,70.26,74,130.0,80.0,155.0,272.75
Thalita Mulders,F,27.5,24-34,90.6,84+,130.0,60.0,140.0,284.36
Luuk Wemmenhove,M,24.5,24-34,128.32,120+,200.0,135.0,227.5,318.91
Anissa de Bree,F,26.5,24-34,66.28,69,115.0,47.5,140.0,312.84
Uwe Abend,M,55.0,55-59,96.65,100,175.0,150.0,195.0,320.99
Rianka van Bennekom,F,20.5,20-23,61.78,63,95.0,47.5,110.0,275.24
Sibel Onemli,F,30.5,24-34,69.12,72,87.5,52.5,130.0,270.98
Hanneke Chorus,F,37.5,35-39,68.3,69,132.5,57.5,125.0,318.81
Kimberley Teeuwissen,F,22.5,20-23,73.75,76,90.0,65.0,125.0,269.03
Nick van der Loo,M,31.5,24-34,103.88,105,152.5,117.5,225.0,296.92
Ragnhild Maarleveld,F,22.5,20-23,82.22,84,140.0,72.5,180.0,353.87
Nout Hakkesteegt,M,23.5,24-34,84.7,93,185.0,90.0,215.0,323.24
Patrick Massop,M,27.5,24-34,87.4,93,135.0,87.5,200.0,273.89
Katyana Ponticorvo,F,24.5,24-34,68.08,72,100.0,55.0,115.0,273.89
Richella Wardenier,F,31.5,24-34,55.2,57,85.0,50.0,120.0,303.44
Bonne Timmer,M,22.5,20-23,100.42,105,155.0,107.5,215.0,290.12
Melissa Gjaltema,F,23.5,24-34,61.46,63,92.5,55.0,107.5,279.07
Tineke Jelsma,F,24.5,24-34,65.9,69,110.0,60.0,130.0,311.56
Kim Daane,F,19.5,20-23,70.9,72,107.5,55.0,115.0,273.67
Rosa Asberg,F,22.5,20-23,60.11,63,105.0,52.5,120.0,308.94
Jelle Smits,M,24.5,24-34,79.44,83,137.5,102.5,162.5,276.01
Nick Olink,M,24.5,24-34,91.6,93,147.5,87.5,200.0,275.27
Tom Nillisen,M,17.5,18-19,64.46,66,160.0,97.5,180.0,350.35
Sara Manders,F,22.5,20-23,56.65,57,120.5,57.5,157.0,390.61
Rolf Bettinger,M,55.5,55-59,94.85,105,140.0,107.5,195.0,275.44
Eddy van Mil,M,24.5,24-34,99.66,105,172.5,85.0,195.0,275.76
Kevin Van Dorsten,M,19.0,18-19,84.2,90,177.5,115.0,185.0,316.06
Miranda Ziekman,F,25.5,24-34,68.3,69,100.0,57.5,115.0,275.79
John Schellekens,M,52.5,50-54,91.1,93,145.0,95.0,195.0,276.01
Jawine Westland,F,31.5,24-34,62.0,63,100.0,65.0,140.0,331.57
Quinten Doornbos,M,21.5,20-23,91.9,93,222.5,147.5,260.0,398.03
Jasmijn Erkens,F,20.5,20-23,67.0,69,100.0,50.0,120.0,277.05
Nikki Hofland,F,21.5,20-23,82.86,84,117.5,57.5,142.5,285.1
Tessa Krol,F,20.5,20-23,79.58,84,132.5,62.5,140.0,307.43
Kira Hornborstel,F,24.5,24-34,63.76,69,90.0,62.5,110.0,279.38
Simon van Gastel,M,18.5,18-19,86.52,93,152.5,90.0,200.0,288.44
Tess Hille,F,21.5,20-23,61.0,63,130.0,62.5,150.0,377.01
Alec Nonnemaker,M,21.5,20-23,80.18,83,155.0,90.0,162.5,277.81
Marcel Tamminga,M,28.5,24-34,103.22,105,230.0,147.5,300.0,407.34
Arleen Meijer,F,43.5,40-44,71.06,72,105.0,50.0,125.0,275.71
Jasper Neulen,M,24.5,24-34,97.96,105,172.5,110.0,205.0,299.21
Thimo Scheink,M,18.5,18-19,90.3,93,180.0,122.5,197.5,318.66
Iris de Groot,F,24.5,24-34,80.7,84,115.0,65.0,150.0,300.51
Vikram Radhakrishnan,M,31.5,24-34,89.6,93,160.0,107.5,190.0,292.73
Arja Rydin,F,21.5,20-23,70.07,72,120.0,62.5,130.0,310.67
Zoë Stubij,F,24.5,24-34,60.25,63,105.0,50.0,100.0,283.38
Danique de Vries,F,23.5,24-34,97.7,84+,135.0,62.5,130.0,274.62
Hitesh Manglani,M,19.5,20-23,81.84,83,150.0,90.0,200.0,296.19
Jiska Chang,F,26.5,24-34,67.8,69,105.0,47.5,132.5,289.96
Ginny Rambow,F,44.5,40-44,61.44,63,110.0,77.5,132.5,350.3
Marijn Craenen,M,21.5,20-23,97.1,105,182.5,125.0,205.0,315.73
Erwin Poort,M,31.5,24-34,102.22,105,170.0,90.0,205.0,280.59
Elke Bokma,F,20.5,20-23,82.5,84,125.0,65.0,132.5,290.24
Pauline Schwencke,F,50.5,50-54,62.05,63,90.0,60.0,120.0,293.34
Pascalle Sterk,F,20.5,20-23,55.94,57,95.0,50.0,100.0,288.51
Marcel Brandsma,M,31.5,24-34,90.58,93,172.5,92.5,207.5,300.66
Tylo Beerten,M,27.5,24-34,81.02,83,162.5,112.5,225.0,338.66
Kelly Senden,F,23.5,24-34,56.98,57,97.5,60.0,130.0,333.71
Ayoub Sahmi,M,17.5,18-19,64.14,66,100.0,80.0,175.5,285.89
Olaf Niessink,M,44.0,40-44,122.7,125,230.5,135.0,240.0,346.39
Fleur Goedhart,F,24.5,24-34,80.76,84,117.5,90.0,160.0,334.52
Floortje Radema,F,22.5,20-23,68.06,69,107.5,57.5,120.0,289.17
Mike Visser,M,30.5,24-34,102.26,105,167.5,117.5,182.5,282.06
Mirjam van Rijn,F,20.5,20-23,76.3,84,115.0,62.5,120.0,279.83
Siri Bentem,F,29.5,24-34,69.0,69,115.0,65.0,155.0,336.62
Jordy Zuidam,M,18.5,18-19,94.92,105,155.0,102.5,195.0,281.58
Thijs van Leiden,M,21.5,20-23,85.58,93,137.5,90.0,202.5,282.0
Moustapha Afatan,M,19.5,20-23,67.96,74,132.5,75.0,165.0,285.65
Nienke Oldenburger,F,23.5,24-34,61.17,63,90.0,52.5,125.0,293.82
Christiaan van den Bos,M,26.5,24-34,80.9,83,150.0,95.0,172.5,283.04
Larissa Koning,F,26.5,24-34,74.56,76,115.0,60.0,145.0,305.33
Wim Bevers,M,58.5,55-59,82.56,83,170.5,110.0,202.5,323.42
Mieke Hubers,F,41.5,40-44,55.53,57,97.5,47.5,125.0,319.79
Manoe Ossel,F,31.5,24-34,51.92,52,95.0,55.0,122.5,340.11
Tara Bakker,F,21.5,20-23,62.3,63,110.0,45.0,110.0,287.02
Diane van der Hoeven,F,22.5,20-23,62.25,63,90.0,60.0,115.0,287.2
Mito Apfelstedt,M,17.5,18-19,91.4,93,150.0,112.5,185.0,283.48
Lotte Verhoeve,F,21.5,20-23,62.24,63,95.0,50.0,120.0,287.23
Luuk de Vries,M,19.5,20-23,81.14,83,155.0,85.0,180.0,284.22
Huub Luites,M,17.5,18-19,75.32,83,155.0,115.0,180.0,319.71
Brittany Jones,F,22.5,20-23,68.2,69,90.0,60.0,140.0,293.81
Simon Rezelman,M,24.5,24-34,102.85,105,177.5,122.5,225.0,316.07
Olivier Paalvast,M,25.5,24-34,94.1,105,155.0,105.0,195.0,284.26
Soraya Wessels,F,30.5,24-34,73.5,76,105.0,67.5,120.0,281.66
Jos Ploegmakers,M,62.0,60-64,114.6,125,140.0,160.0,227.5,306.79
Mats Werkhoven,M,19.5,20-23,88.78,93,155.0,90.0,197.5,284.48
Remco Kwint,M,33.5,24-34,104.06,105,240.0,137.5,260.0,382.16
Georgette Vriens,F,22.5,20-23,73.36,76,105.0,45.0,142.5,282.01
Jordi van Munster,M,39.5,35-39,131.58,120+,245.0,130.0,260.5,358.67
Inès Ziani,F,20.5,20-23,73.32,76,112.5,57.5,122.5,282.11
Ben Epe,M,51.5,50-54,72.88,74,145.0,106.0,185.0,317.07
Jet Hageman,F,21.5,20-23,69.9,72,110.0,52.5,122.5,283.81
Lucy van den Bogaard,F,19.5,20-23,55.92,57,90.0,47.5,117.5,300.37
Max den Hartog,M,19.5,20-23,87.5,93,160.0,100.0,187.5,289.92
Paulina Breidenbach,F,20.5,20-23,59.82,63,100.0,55.0,125.0,312.9
Olivier Tijhuis,M,26.5,24-34,88.1,93,250.0,167.5,305.0,466.38
Julian van Buuren,M,28.5,24-34,58.3,59,137.5,82.5,190.0,359.11
Zennar den Hartog,M,21.5,20-23,99.54,105,175.0,120.0,220.0,314.0
Emily Wolff,F,25.5,24-34,56.2,57,80.0,57.5,112.5,293.33
Peter Bijl,M,27.5,24-34,90.0,93,185.0,107.5,190.0,308.03
Evie Bus,F,25.5,24-34,82.62,84,145.0,72.5,170.0,348.47
Thomas Koeling,M,20.5,20-23,91.12,93,155.0,117.5,177.5,285.5
Hester Schaap,F,27.5,24-34,68.3,69,105.0,57.5,130.0,296.04
Harm Jansen,M,22.5,20-23,102.22,105,172.5,130.0,210.0,309.25
Colin Vernooij,M,18.5,18-19,103.85,105,195.0,140.0,275.0,365.94
Nathan Smithers,M,22.5,20-23,80.92,83,145.0,102.5,175.0,286.39
Stijn Reimert,M,16.5,16-17,90.8,93,165.0,100.0,185.0,286.0
Mark Welten,M,30.5,24-34,81.1,83,160.0,85.0,180.0,287.69
Daan van Heumen,M,19.5,20-23,91.38,93,165.0,122.5,195.0,305.69
Elisa Hessels,F,29.5,24-34,82.7,84,137.5,77.5,170.0,346.05
Eline Blok,F,21.5,20-23,75.75,76,100.0,70.0,140.0,292.88
Dewi van der Geugten,F,22.5,20-23,50.3,52,105.0,65.0,127.5,380.45
Michiel van Son,M,58.5,55-59,73.0,74,135.0,80.0,185.0,290.54
Floortje Savrij Droste,F,19.5,20-23,52.09,57,70.0,45.0,132.5,308.13
Dana Buijze,F,22.5,20-23,71.62,76,125.0,50.0,137.5,306.09
Luuk Eijkelberg,M,17.5,18-19,102.42,105,220.0,130.0,270.0,373.85
Sanne Verhoeven,F,24.5,24-34,67.2,69,97.5,52.5,132.5,289.25
Janna de Vos,F,23.5,24-34,71.41,72,117.5,55.0,135.0,301.79
Stijn Gierkink,M,30.5,24-34,102.37,105,175.0,100.0,205.0,289.48
Sharon van der Linden,F,25.5,24-34,77.7,82.5,137.5,72.5,160.0,344.26
Reno Lok,M,25.5,24-34,91.86,93,150.0,100.0,207.5,289.11
Lloyd Bieshaar,M,25.5,24-34,133.5,120+,222.5,127.5,230.0,326.54
Xiamei Klancnik,F,23.5,24-34,68.58,69,135.0,67.5,160.0,365.82
Jord Marcus,M,22.5,20-23,103.58,105,180.0,120.0,217.5,310.74
Zuzanna Uba,F,20.5,20-23,64.64,69,105.0,60.0,125.0,305.5
Odyl de Greeff,F,19.5,20-23,66.72,69,102.5,65.0,115.0,290.75
Iman te Wildt,F,24.5,24-34,61.95,63,105.0,55.0,130.0,315.45
Koen Elderhorst,M,18.5,18-19,95.62,105,175.0,102.5,210.0,302.35
Milan Daalhuisen,M,22.5,20-23,90.2,93,192.5,130.0,210.0,339.56
Anna Hofmans,F,29.0,24-34,54.0,56,90.0,52.5,105.0,299.62
Annemie van Lakwijk,F,21.5,20-23,68.0,69,120.0,50.0,140.0,314.73
Gwen Heuts,F,38.5,35-39,63.5,69,100.0,67.5,107.5,293.58
Roos Otten,F,24.5,24-34,59.6,63,105.0,55.0,140.0,336.21
Ruben Jansen,M,19.5,20-23,88.8,93,170.0,107.5,205.0,310.16
Loek van Leeuwen,M,23.5,24-34,79.94,83,142.5,122.5,175.0,300.53
Tara Smit,F,22.5,20-23,71.9,72,130.0,77.5,167.5,366.35
Collin Bakker,M,19.5,20-23,97.56,105,152.5,122.5,200.0,292.04
Ina Koolhaas-Revers,F,70.5,70-74,59.75,63,90.0,57.5,133.0,313.74
Eva Konings,F,21.5,20-23,73.2,76,115.0,50.0,135.0,289.65
Frank Warrink,M,16.5,16-17,87.0,93,157.5,92.5,200.0,292.45
Chen Jie Yi Wu,F,24.5,24-34,48.84,52,80.0,45.0,107.5,304.0
Sytske Bekker,F,31.5,24-34,68.88,69,135.0,80.0,175.0,392.37
Ellen van der Weide,F,22.5,20-23,70.24,76,137.5,67.5,145.0,347.38
Simone Verhoef,F,23.5,24-34,61.72,63,95.0,60.0,117.5,297.26
Anne van Gils,F,18.5,18-19,82.6,84,132.5,62.5,140.0,301.3
Dapper Bruijn,M,20.5,20-23,96.28,105,165.0,110.0,200.0,293.71
Eloena Heijerman,F,22.5,20-23,67.0,69,120.0,67.5,137.5,333.48
Jonathan Rodrigues de Miranda,M,22.5,20-23,90.8,93,207.5,140.0,250.0,379.74
Sonny Carter,M,17.5,18-19,91.58,93,140.0,110.0,215.0,294.28
Emma Omani,F,23.5,24-34,66.4,69,160.0,97.5,203.0,475.61
Marien Moens,M,21.5,20-23,84.8,93,147.5,100.0,200.0,295.0
Bram Nijhoff,M,25.5,24-34,68.72,74,140.0,80.0,172.5,298.36
Maartje Claessen,F,22.5,20-23,51.56,52,105.0,62.5,132.5,376.45
Felix Francken,M,23.5,24-34,94.1,105,165.0,105.0,202.5,295.19
Marcel Govers,M,22.5,20-23,90.36,93,192.5,125.0,230.0,348.81
Bjorn Verrijdt,M,17.5,18-19,70.8,74,195.0,115.0,215.0,390.05
Gianna Claessens,F,17.5,18-19,81.74,84,127.5,62.5,180.0,334.61
Emiel Rens,M,22.5,20-23,73.3,74,180.0,125.0,230.0,387.45
Jaden Hoogsteder,M,17.5,18-19,88.8,93,150.0,100.0,210.0,295.7
Paul van As,M,19.5,20-23,64.28,66,120.0,92.5,162.5,301.01
Ryan Toisuta,M,23.5,24-34,65.42,66,147.5,95.0,192.5,344.06
Bianca van Beugen,F,39.5,35-39,82.21,84,125.0,75.0,150.0,315.57
Steffan van Dalen,M,27.0,24-34,106.2,110,177.5,150.0,210.0,319.93
Jiri Meijnderts,M,31.0,24-34,75.4,82.5,150.0,90.0,180.0,298.17
Linde Heerkens,F,17.5,18-19,51.1,52,95.0,57.5,137.5,366.42
Kim Dolmans,F,23.5,24-34,90.0,84+,125.0,62.5,150.0,291.62
Fabbio Hu,M,26.5,24-34,73.68,74,200.0,130.0,230.0,404.06
Helima Bridié,F,23.5,24-34,83.2,84,137.5,75.0,175.0,347.22
Mitchell Steenberghe,M,26.5,24-34,86.9,93,172.5,105.0,180.0,297.51
Roos Otten Zwolle,F,23.5,24-34,60.24,63,97.5,50.0,125.0,302.87
Amy Driesse,F,17.5,18-19,67.64,69,95.0,62.5,135.0,298.09
Daan Hofstra,M,16.5,16-17,94.74,105,195.0,135.0,200.0,330.09
Yingkai Song,M,22.5,20-23,81.6,83,155.0,90.0,197.5,298.41
Huub Hetterschijt,M,41.5,40-44,114.65,120,272.5,200.0,280.0,437.6
Dorien Keunen,F,21.5,20-23,67.5,69,110.0,62.5,120.0,298.53
Ricardo Lie-Atjam,M,39.5,35-39,126.5,120+,180.0,160.0,195.0,304.14
Danique Plasmeijer,F,20.5,20-23,61.7,63,105.0,47.5,130.0,308.25
Ishvar Lalbahadoersing,M,24.5,24-34,64.82,66,150.0,105.0,185.0,350.7
Gwidon Miezalski,M,31.5,24-34,90.6,93,165.0,122.5,182.5,299.04
Anjali den Boer,F,21.5,20-23,54.86,57,82.5,55.0,120.0,307.9
Mathijs Roelofsen,M,23.5,24-34,114.0,120,192.5,122.5,260.0,334.89
Virgil Woerdings,M,22.5,20-23,101.9,105,215.0,120.0,275.0,368.52
Chenna Kuijpers,F,22.5,20-23,74.34,76,120.0,52.5,137.5,296.35
Joost de Groot,M,27.5,24-34,91.15,93,265.0,150.0,270.0,434.52
Jesse de Haan,M,17.5,18-19,104.9,105,202.5,125.0,207.5,319.8
Merel van den Bosch,F,20.5,20-23,46.24,47,110.0,60.0,122.5,398.0
Amber Hattar,F,18.5,18-19,97.18,84+,135.0,75.0,150.0,302.38
Lars Savenije,M,20.5,20-23,101.6,105,160.0,130.0,217.5,306.95
Florianne Volbeda,F,30.5,24-34,67.55,72,117.5,82.5,155.0,362.13
Marc Verbeek,M,25.5,24-34,103.64,105,190.0,117.5,235.0,325.69
Sophie Nijenhuis,F,29.5,24-34,56.35,57,127.5,70.0,175.0,436.15
Tom van Oosterom,M,20.5,20-23,101.54,105,180.0,92.5,225.0,300.97
Polden Odink,M,19.5,20-23,80.38,83,165.0,95.0,182.5,301.2
Judesca Meriaan,F,22.5,20-23,61.82,63,92.5,62.5,137.5,318.69
Martijn Hendriks,M,18.5,18-19,68.14,74,145.0,85.0,177.5,311.84
Neil Commandeur,M,37.5,35-39,80.4,83,145.0,120.0,185.0,306.25
Rutger Wijsmuller,M,24.5,24-34,90.5,93,165.0,107.5,200.0,300.8
Finlay Craigmyle,M,18.5,18-19,76.38,83,147.5,100.0,182.5,302.59
Tim Overduin,M,18.5,18-19,90.1,93,175.0,115.0,220.0,325.4
Tim van de Velde,M,20.5,20-23,99.96,105,187.5,132.5,227.5,333.26
Arthur Roodenburg,M,44.5,40-44,98.74,105,205.0,100.0,217.5,319.63
Rikkert Kremer,M,45.5,45-49,123.44,120+,202.5,110.0,232.5,311.37
Desie Dircks,F,33.5,24-34,66.54,69,117.5,70.0,165.0,363.51
Lennart Ter Haar,M,31.5,24-34,90.8,93,160.0,100.0,215.0,301.89
Lorenz Muylkens,M,25.0,24-34,113.2,120,277.5,165.0,287.5,426.0
Madde van der Ley,M,18.5,18-19,81.14,83,170.0,102.5,197.5,318.05
Zorin Wijnands,M,18.5,18-19,115.9,120,252.5,162.5,310.5,420.69
Tim Groeneveld,M,17.5,18-19,92.22,93,180.0,110.0,190.0,302.75
Jochem van Harten,M,18.5,18-19,91.22,93,150.0,127.5,200.0,302.78
Ruben Tissink,M,31.5,24-34,102.0,105,195.0,127.5,257.5,350.27
Jasper Kovacs,M,19.5,20-23,73.26,74,210.0,140.0,227.5,418.4
Emma Meinen,F,21.5,20-23,95.2,84+,140.0,60.0,152.5,298.14
Sami van der Slik,M,20.5,20-23,85.56,93,162.5,112.5,187.5,303.36
Rick Krijntjes,M,31.5,24-34,102.84,105,170.0,120.0,215.0,304.04
Casper Karremans,M,19.5,20-23,64.88,66,145.0,87.5,175.0,324.55
Ralf Vanoppen,M,20.5,20-23,88.1,93,155.0,107.5,240.0,324.37
Peter Bishoff,M,38.5,35-39,97.6,105,205.0,122.5,225.0,339.63
Theo Dijkstra,M,37.5,35-39,82.2,83,162.5,117.5,205.0,325.62
Aniek te Kronnie,F,27.5,24-34,80.1,84,122.5,52.5,152.5,299.46
Kim Claessens,F,33.5,24-34,66.92,72,107.5,57.5,132.5,305.53
Stefanie Faber,F,27.5,24-34,56.62,57,105.0,55.0,127.5,335.37
Marc Tuinier,M,24.5,24-34,79.78,83,152.5,125.0,170.0,306.04
Gioia Buijs,F,22.5,20-23,74.86,76,112.5,62.5,145.0,304.56
Guo Rong Zhou,M,22.5,20-23,81.5,83,195.0,140.0,245.0,391.42
Jilles Kok,M,19.5,20-23,81.58,83,200.0,115.0,240.0,374.33
Maria Huver,F,20.5,20-23,60.95,63,117.5,57.5,135.0,341.45
Brent Claassen,M,21.5,20-23,92.4,93,175.0,115.0,252.5,341.85
Arvid Maarleveld,M,23.5,24-34,102.21,105,187.5,130.0,250.0,342.45
Anne-Lise Strandmoe,F,26.5,24-34,61.1,63,105.0,57.5,147.5,340.8
Boris Tromp,M,17.0,16-17,81.66,83,175.0,125.0,205.0,340.4
Floortje Leander,F,20.5,20-23,92.9,84+,130.0,75.0,147.5,300.79
Gert-Jan Haenen,M,17.5,18-19,57.9,59,105.0,77.5,185.0,323.99
Geneviève Huizeling,F,41.5,40-44,56.62,57,95.0,55.0,120.0,314.95
Mirte de Haan,F,31.5,24-34,83.5,84,155.0,77.5,175.0,364.48
Luuc van Gennip,M,20.5,20-23,126.9,120+,190.0,145.0,215.0,312.48
Emily Jousma,F,21.5,20-23,71.7,72,117.5,67.5,127.5,305.86
Julius Benjamins,M,21.5,20-23,88.98,93,170.0,107.5,200.0,306.63
Fleur van Woerdekom,F,21.5,20-23,59.95,63,105.0,55.0,120.0,312.37
Ronan Duchemin,M,26.5,24-34,92.7,93,175.0,110.0,202.5,306.71
Luuk Unger,M,19.5,20-23,97.85,105,170.0,125.0,205.0,307.02
Brigitte Sukèl,F,22.5,20-23,57.1,63,90.0,70.0,125.0,330.26
Shihab Belhajji,M,16.5,16-17,82.26,83,162.5,97.5,227.5,327.15
Sanjay Ganga,M,21.5,20-23,72.7,74,140.0,97.5,187.5,309.63
Mike Beelen,M,30.5,24-34,82.18,83,210.0,110.0,250.0,382.74
Hugo Heres,M,17.5,18-19,69.54,74,137.5,105.0,170.0,310.69
Britt Krijger,F,21.5,20-23,83.3,84,142.5,72.5,155.0,331.34
Tim Greijdanus,M,17.5,18-19,109.38,120,180.0,120.0,225.0,309.5
Iris de Lange,F,22.5,20-23,56.35,57,90.0,50.0,130.0,316.14
Ianthe van Belzen,F,24.5,24-34,42.7,47,100.0,65.0,120.0,409.24
Emre Ekmekci,M,21.5,20-23,89.14,93,175.0,115.0,190.0,307.94
Roland Pater,M,36.5,35-39,81.45,83,165.0,107.5,185.0,308.87
Gijs Wormskamp,M,24.5,24-34,92.08,93,225.0,135.0,245.0,381.87
Thijs Luttikhuizen,M,22.5,20-23,82.84,83,177.5,100.0,232.5,340.81
Anouk Greve,F,25.5,24-34,51.64,52,122.5,77.5,155.0,444.93
Marjan Steenge,F,30.5,24-34,78.0,84,115.0,57.5,155.0,304.03
Peter Thielen #1,M,32.5,24-34,90.96,93,205.0,127.5,210.0,344.49
Hong Jie Zheng,M,19.5,20-23,91.25,93,227.5,130.0,245.0,381.98
Brittney van den Berg,F,22.5,20-23,110.95,84+,167.5,105.0,180.0,367.25
Kristel Sas,F,20.5,20-23,56.36,57,112.5,76.5,150.0,396.87
Adam Schultz,M,20.5,20-23,81.93,83,160.0,110.0,190.0,309.45
Joost van Zantwijk,M,43.5,40-44,78.18,83,150.0,97.5,200.0,310.06
Jonas den Hartog,M,21.5,20-23,81.56,83,165.0,112.5,210.0,328.85
Richard Selten,M,27.5,24-34,91.6,93,165.0,125.0,200.0,310.07
Isabelle Feteris,F,22.5,20-23,83.2,84,162.5,107.5,197.5,418.91
Christian Pasten,M,30.0,24-34,93.2,100,170.0,112.5,210.0,309.07
Jesse Harte,M,22.5,20-23,82.56,83,155.0,107.5,200.0,309.7
Franca Vos,F,26.5,24-34,74.64,76,122.5,62.5,160.0,328.96
Ludchano Leliveld,M,25.5,24-34,97.82,105,190.0,130.0,240.0,343.91
Ab Bruggink,M,54.5,50-54,88.3,93,165.0,125.0,190.0,309.47
Maaike de Vries,F,22.5,20-23,70.79,72,142.5,82.5,142.5,362.81
Jeanine Maas,F,28.5,24-34,81.78,84,132.5,80.0,142.5,320.96
Tom Nillessen,M,16.5,16-17,64.84,66,142.5,95.0,157.5,314.75
Laura Hooijberg,F,27.5,24-34,62.5,63,115.0,70.0,150.0,361.96
Milo Zaagsma,M,19.5,20-23,79.06,83,172.5,112.5,167.5,311.25
Zahir van Eck,M,21.5,20-23,76.32,83,167.5,140.0,200.0,357.31
Margoo Timmermans,F,40.5,40-44,61.83,63,100.0,57.5,135.0,318.65
Margriet Ponse,F,36.5,35-39,55.98,57,120.0,72.5,165.0,420.75
Pepijn Brenkman,M,18.5,18-19,80.2,83,160.0,132.5,165.0,311.84
Sam Rappange,M,20.5,20-23,81.32,83,212.5,130.0,247.5,398.71
Amélie Bevers,F,16.5,16-17,50.92,52,90.0,57.5,120.0,338.9
Max van den Berg,M,17.5,18-19,82.26,83,150.0,135.0,180.0,312.05
Joost Vaessen,M,28.5,24-34,100.12,105,200.0,130.0,222.5,336.08
Olaf van Erp,M,23.5,24-34,83.8,93,150.0,105.0,215.0,311.96
Deborah Hartog,F,23.5,24-34,60.93,63,105.0,57.5,125.0,316.74
Saskia Alderliesten,F,21.5,20-23,61.8,63,100.0,60.0,132.5,318.76
Tessa Rozema,F,22.5,20-23,67.7,69,120.0,57.5,135.0,318.27
Martijn van Oostveen,M,44.5,40-44,101.8,105,160.0,132.5,225.0,312.76
Stefan Radouane,M,19.5,20-23,72.2,74,167.5,77.5,185.0,314.85
Sophie Meijer,F,23.5,24-34,55.84,57,92.5,50.0,130.0,321.34
Maarten Habets,M,20.5,20-23,108.2,120,215.0,145.0,250.0,360.85
Jerrel den Harder,M,22.5,20-23,78.06,83,162.5,120.0,170.0,313.84
Xander van der Steen,M,20.5,20-23,90.1,93,160.0,107.5,222.5,312.64
Allard Gooshouwer,M,20.5,20-23,95.36,105,180.0,115.0,220.0,319.8
Jesse Blaauw,M,22.5,20-23,88.5,93,180.0,110.0,250.0,347.74
Jayco de Ligt,M,20.5,20-23,103.08,105,195.0,120.0,247.5,338.36
Thi Thu Anh Mai,F,23.5,24-34,62.22,63,135.0,65.0,140.0,368.62
Igor Halink,M,32.5,24-34,90.86,93,187.5,125.0,220.0,338.32
Manuel Reniers,M,50.5,50-54,115.6,120,205.0,110.0,240.5,322.33
Ruben Zuidgeest,M,18.5,18-19,90.06,93,177.5,107.5,240.0,335.04
Lars Lurvink,M,27.5,24-34,100.94,105,192.5,112.5,212.5,313.78
Anne Bierma,M,40.5,40-44,83.0,83,222.5,130.0,215.0,378.81
Rowena Maathuis,F,33.5,24-34,62.32,63,112.5,55.0,155.0,349.22
Jos van Kersbergen,M,56.5,55-59,87.55,93,170.0,120.0,195.0,314.12
Faustino de Groot,M,26.5,24-34,58.9,59,145.0,97.5,194.5,379.12
Bianca Ungureanu,F,29.5,24-34,67.2,69,102.5,70.0,135.0,314.85
Indira Snoek,F,24.5,24-34,65.3,69,107.5,65.0,130.0,316.27
Sefik Ozer,M,20.5,20-23,89.1,93,177.5,102.5,210.0,314.43
Erzsébet Jennifer Kovacs,F,24.5,24-34,60.88,63,100.0,62.5,127.5,319.7
Klemen Smrekar,M,29.5,24-34,92.0,93,215.0,112.5,215.0,342.57
Matthijs Hekman,M,25.5,24-34,71.4,74,140.0,102.5,187.5,317.46
Michiel de Graaff,M,23.5,24-34,65.28,66,180.0,105.0,220.0,400.14
Erwin van Doggenaar,M,31.5,24-34,102.14,105,175.0,117.5,230.0,315.38
Dennis Decker,M,42.5,40-44,103.0,105,182.5,152.5,190.0,315.9
Miriam Beusink,F,30.5,24-34,61.48,63,105.0,52.5,135.0,320.03
Esther Wilten,F,36.5,35-39,120.2,84+,167.5,87.5,182.5,349.75
Leroy Mourits,M,20.5,20-23,81.32,83,175.0,107.5,207.5,331.13
Debora Soeters,F,28.5,24-34,67.34,69,130.0,62.5,152.5,352.71
Jefta Delfos,M,32.5,24-34,79.0,83,175.0,127.5,235.0,369.9
Ariana Hoeben,F,31.5,24-34,65.9,67.5,127.5,60.0,142.5,342.71
Marije van Bloois,F,27.5,24-34,62.14,63,130.0,70.0,142.5,371.69
Daniëlle Arts,F,38.5,35-39,82.54,84,115.0,90.0,140.0,310.41
Carmen Sjardijn,F,52.5,50-54,75.44,76,120.0,75.0,135.0,312.57
Thijs Meulman,M,21.5,20-23,81.15,83,175.0,107.5,200.0,326.49
Christine Rebello,F,48.5,45-49,55.54,57,135.0,80.0,170.0,455.93
Bart Zeilstra,M,17.5,18-19,82.7,83,196.5,125.0,220.0,362.23
Artak Asrian,M,42.5,40-44,82.1,83,152.5,135.0,185.0,317.46
Joop Moons,M,26.5,24-34,102.28,105,200.0,127.5,225.0,333.32
Rubin Koot,M,23.5,24-34,81.96,83,170.0,107.5,195.0,317.79
Tijmen Tolboom,M,20.5,20-23,97.98,105,182.5,107.5,227.5,317.59
Guido Carucci,M,18.5,18-19,102.5,105,210.0,127.5,237.5,346.61
Kemal Ergin,M,19.5,20-23,58.5,59,167.5,125.0,192.5,423.44
Grigory Prikazchikov,M,20.5,20-23,105.72,120,170.0,125.0,240.0,318.93
Louise de Jong,F,50.5,50-54,61.61,63,112.5,70.0,150.0,363.21
Aron Rijn,M,20.5,20-23,103.7,105,225.0,137.5,255.0,370.63
Ilyas Krizi,M,17.5,18-19,72.72,74,147.5,100.0,192.5,320.49
Lars Kruik,M,24.5,24-34,129.8,120+,240.0,135.0,280.0,370.57
Glenn Vandendijk,M,29.5,24-34,65.42,66,165.0,105.0,195.0,367.79
Robin Jansen,M,19.5,20-23,90.92,93,167.5,127.5,207.5,319.16
Yorick Paassen,M,20.5,20-23,90.4,93,162.5,112.5,225.0,318.48
Michiel Mooy,M,22.5,20-23,88.94,93,192.5,115.0,240.0,351.66
Wessel de Jonge,M,25.5,24-34,101.45,105,192.5,125.0,210.0,319.22
Bas Oei,M,30.5,24-34,58.32,59,130.0,90.0,175.0,345.86
Lars Knöps,M,30.5,24-34,91.0,93,202.5,172.5,270.0,409.48
Sten Terlouw,M,19.5,20-23,76.22,83,152.5,100.0,202.5,320.64
Aysun Cakmak,F,39.5,35-39,54.22,57,115.0,65.0,162.5,413.31
Bo Arends,F,22.5,20-23,67.76,69,147.5,77.5,188.0,420.36
Lucas Lemsom,M,20.5,20-23,96.6,105,172.5,120.0,225.0,319.52
Li Hu,M,23.0,20-23,104.05,105,260.0,150.0,275.0,410.65
Martijn Warndorff,M,25.5,24-34,81.14,83,197.5,130.0,240.0,384.03
Sharon Rietveld,F,34.5,24-34,77.76,84,152.5,77.5,190.0,390.6
Iris van de Poel,F,25.5,24-34,67.92,69,100.0,67.5,147.5,320.07
Simon Klaassen,M,22.5,20-23,87.42,93,182.5,120.0,240.0,351.64
Daan van Vught,M,24.5,24-34,126.5,120+,242.5,130.0,235.0,345.36
Amber Hoffers,F,20.5,20-23,59.22,63,87.5,60.0,142.5,326.62
Emma Dierickx,F,25.5,24-34,62.5,63,105.0,62.5,132.5,324.14
Arianne Derickx,F,27.5,24-34,66.5,69,140.0,82.5,170.0,404.93
Cédric van Lenthe,M,18.5,18-19,101.38,105,185.0,127.5,217.5,320.82
Saskia Taams,F,22.5,20-23,62.24,63,102.5,60.0,140.0,327.88
Jari Frijlink,M,20.5,20-23,72.12,74,180.0,85.0,220.0,355.41
Mahdi Mârroufi,M,18.5,18-19,56.8,59,125.0,80.0,162.5,329.98
Sandra Wildeman,F,38.5,35-39,56.23,57,115.0,87.5,140.0,401.69
Ly-Anne Cadeau,F,30.5,24-34,55.88,57,92.5,57.5,130.0,330.0
Terry Groen,M,30.0,24-34,108.6,110,180.0,152.5,230.0,332.35
Samtag R Prakke,M,23.5,24-34,81.72,83,157.5,127.5,192.5,321.72
Juliet Brokken,F,29.5,24-34,97.94,84+,150.0,102.5,170.0,354.0
Di Ke Wu,M,22.5,20-23,73.36,74,210.0,163.0,245.0,447.3
Bram van de Loop,M,22.5,20-23,94.32,105,192.5,140.0,220.0,344.8
Miranda van de Pol,F,40.5,40-44,74.7,76,147.5,90.0,167.5,385.98
Maikel van Biezen,M,27.5,24-34,102.7,105,192.5,120.0,222.5,322.26
Femke Strikwerda,F,25.5,24-34,74.48,76,107.5,67.5,170.0,329.41
Leonie Suurd,F,28.5,24-34,83.44,84,142.5,77.5,157.5,337.77
Amy Hage,F,22.5,20-23,61.74,63,115.0,62.5,142.5,348.99
Daniel van Wezel,M,17.5,18-19,73.8,74,192.5,120.0,212.5,378.37
Frank Toonen,M,23.5,24-34,81.0,83,180.0,120.0,215.0,348.87
Daan van Wijnen,M,22.5,20-23,88.32,93,180.0,110.0,210.0,322.33
David Vesseur,M,23.5,24-34,73.7,74,228.5,135.0,235.0,431.76
Bido Mohamed,M,23.5,24-34,90.46,93,180.0,122.5,230.0,339.07
Eva de Langen,F,25.5,24-34,62.3,63,135.0,70.0,170.0,406.17
Jari van der Heijden,M,19.5,20-23,73.0,74,162.5,92.5,192.5,325.04
Nick Van den Luijtgaarden,M,23.5,24-34,73.55,74,155.0,105.0,190.0,325.1
Jacqueline Klaver,F,24.5,24-34,74.1,76,178.0,77.5,188.0,424.84
Joery Wesseling,M,22.5,20-23,82.3,83,245.0,150.0,275.0,449.49
Rik Jurriaans,M,26.5,24-34,91.3,93,185.0,112.5,212.5,323.25
Abdullah Karacelik,M,17.5,18-19,82.28,83,195.0,122.5,212.5,355.62
Bram Hazeu,M,54.5,50-54,103.5,105,185.0,130.0,225.0,324.34
Ali Kilic,M,27.5,24-34,103.1,105,205.0,130.0,227.5,338.34
Duke Heitink,M,18.5,18-19,70.3,74,150.0,102.5,185.0,326.79
Michelle de Jong #1,F,23.5,24-34,75.44,76,140.0,85.0,170.0,374.14
Sanne van der Ploeg,F,23.5,24-34,62.74,63,150.0,87.5,172.5,441.7
Romy Toonen,F,23.5,24-34,90.5,84+,170.0,82.5,200.0,390.1
Rody Damman,M,22.5,20-23,81.18,83,175.0,105.0,200.0,324.72
Andreas Gregoriades,M,20.5,20-23,102.25,105,210.0,115.0,230.0,334.86
Joris Lunde,M,23.5,24-34,81.88,83,157.5,100.0,225.0,324.7
Debbie Schoone,F,27.5,24-34,65.5,69,115.0,67.5,130.0,325.99
Esmeé Dol,F,21.5,20-23,85.48,84+,122.5,72.5,165.0,318.3
Maartje van Vught,F,33.5,24-34,74.0,76,117.5,70.0,147.5,321.18
Roy van de Graaf,M,20.5,20-23,87.18,93,160.0,137.5,202.5,324.58
Tanja Mundt,F,47.5,45-49,82.9,84,135.0,60.0,160.0,318.69
Johny Paelinck,M,51.5,50-54,73.3,74,180.0,112.5,190.0,349.43
Raoul Mourits,M,22.5,20-23,82.34,83,170.0,100.0,215.0,325.28
Evert Maris,M,30.5,24-34,117.5,120,255.0,190.0,295.0,427.6
Talitha Guerrero Obando,F,24.5,24-34,54.86,57,90.0,65.0,125.0,334.8
Dennis Hansy,M,32.0,24-34,74.0,75,140.0,115.0,200.0,327.29
Karl Fieldhouse,M,44.0,40-44,90.3,93,205.0,100.0,215.0,331.41
Marc Smit,M,30.5,24-34,79.92,83,170.0,100.0,207.5,326.19
Guus Dekker,M,23.5,24-34,82.05,83,177.5,130.0,225.0,357.9
Bibi Stellema,F,20.5,20-23,66.42,69,130.0,77.5,165.0,384.64
Gwen Mostert,F,31.5,24-34,70.5,72,140.0,90.0,187.5,413.32
Diaz van Meel,M,20.5,20-23,65.32,66,140.0,87.5,190.0,330.64
Marvin van Berlo,M,19.0,18-19,80.5,82.5,172.5,120.0,187.5,326.42
Elsemieke Zomers,F,24.5,24-34,81.16,84,120.0,70.0,162.5,320.01
Daan Schouten,M,24.5,24-34,72.42,74,157.5,95.0,200.0,330.59
Alwin Wubs,M,30.5,24-34,87.02,93,190.0,100.0,250.0,350.89
Hiresh Jadoenathmissier,M,25.5,24-34,72.18,74,165.0,125.0,202.5,360.69
Dyon Nelis,M,21.5,20-23,88.8,93,185.0,115.0,207.5,326.23
Suzanna Stroom,F,22.5,20-23,68.4,69,120.0,57.5,145.0,326.06
Takis Hoogterp,M,24.5,24-34,97.74,105,210.0,130.0,230.0,350.17
Sterre van Krimpen,F,27.5,24-34,113.0,84+,157.5,87.5,160.0,327.49
Ted de Vries Lentsch,M,23.5,24-34,100.45,105,250.0,130.0,270.0,394.88
Christiaan Brunink,M,20.5,20-23,92.48,93,230.0,135.0,265.0,396.82
Nico Knegt,M,50.0,50-54,90.9,100,190.0,115.0,210.0,327.13
Leontine van Geffen,F,32.5,24-34,128.35,84+,200.0,100.0,205.0,399.03
Yves du Long,M,23.5,24-34,82.12,83,197.5,110.0,235.0,364.43
Barbara Claassen,F,47.5,45-49,101.96,84+,187.5,90.0,190.5,387.51
Luc Koekelkoren,M,23.5,24-34,73.34,74,215.0,135.0,257.5,439.79
Thomas Dielesen,M,19.5,20-23,104.65,105,207.5,152.5,250.0,364.94
Yfke Vermijs,F,22.5,20-23,62.32,63,115.0,70.0,140.0,351.92
Sjoerd van Engelshoven,M,22.5,20-23,99.7,105,187.5,125.0,230.0,330.56
Renier Ruijs,M,18.5,18-19,73.58,74,150.0,107.5,200.0,330.42
Bart Schieving,M,27.5,24-34,81.48,83,170.0,117.5,200.0,329.05
Wim Wamsteeker,M,52.5,50-54,134.5,120+,235.0,135.0,261.0,354.82
Anne Barnasconi,F,19.5,20-23,82.2,84,122.5,75.0,167.5,329.11
Liam Wayman,M,18.5,18-19,80.56,83,177.5,97.5,210.0,329.66
Devran Alper,M,26.5,24-34,89.4,93,210.0,137.5,220.0,363.53
Barry Faas,M,42.5,40-44,77.25,83,195.0,95.0,225.0,359.65
Bernd Haaijer,M,25.5,24-34,91.74,93,195.0,110.0,240.0,344.62
Jort Peels,M,17.5,18-19,77.74,83,202.5,120.0,220.0,377.27
Kadum Al-Buarab,M,31.5,24-34,82.1,83,192.5,132.5,225.0,369.53
Sibren Vuurberg,M,24.5,24-34,97.2,105,190.0,125.0,220.0,329.45
Juliette Heslinga,F,22.5,20-23,68.2,69,117.5,65.0,142.5,329.27
Inez van der Eycken,F,26.5,24-34,64.6,69,107.5,62.5,145.0,331.99
Jesse Froon,M,19.5,20-23,87.1,93,185.0,120.0,215.0,337.73
Marije Dollen,F,34.5,24-34,56.62,57,112.5,72.5,152.5,393.69
Benjamin Groen,M,22.5,20-23,65.8,66,137.5,122.5,180.0,346.35
Sarah Rahman,F,27.5,24-34,64.46,69,120.0,65.0,130.0,332.52
Sam Brasser,F,21.5,20-23,73.6,76,125.0,60.0,155.0,327.11
Bram Verhagen,M,20.5,20-23,82.5,83,185.0,130.0,247.5,376.82
Anle Tai,F,21.5,20-23,58.6,63,107.5,60.0,130.0,337.82
Esmée Berendsen,F,21.5,20-23,62.22,63,122.5,72.5,135.0,357.78
Henny van 't Loo,F,47.5,45-49,71.15,72,105.0,85.0,150.0,334.51
Maciej Siemaszko,M,20.5,20-23,77.72,83,172.5,105.0,200.0,332.13
Cathelijne Blom,F,23.5,24-34,56.0,57,102.5,55.0,150.0,361.81
Talita Olthuis,F,24.5,24-34,71.36,76,132.5,67.5,135.0,328.93
Danial Karami,M,17.5,18-19,58.8,59,145.0,90.0,175.0,356.25
Joris Jonk,M,25.5,24-34,89.5,93,180.0,122.5,215.0,331.31
Susanna van den Oever,F,32.5,24-34,91.9,84+,145.0,62.5,172.5,325.6
Daphne Pieterson,F,43.5,40-44,90.5,84+,135.0,82.5,160.0,325.44
Nout van den Bos,M,20.5,20-23,101.9,105,232.5,160.0,250.0,388.16
André Makkinje,M,25.5,24-34,77.5,83,200.0,112.5,235.0,381.53
Tristan Nguyen #1,M,21.5,20-23,57.46,59,170.0,92.5,170.0,384.06
Ronnie Khrapaty,M,20.5,20-23,84.2,93,190.0,107.5,205.0,332.61
Karlijn Wijsman,F,28.5,24-34,55.9,57,102.5,65.0,122.5,341.69
Daimy Vinken,F,26.5,24-34,80.1,84,140.0,72.5,145.0,326.89
Naomi van Valen,F,22.5,20-23,67.5,69,122.5,65.0,140.0,334.25
Paolo Modena,M,31.5,24-34,65.0,66,145.0,80.0,200.0,337.96
Jordy Gaartman,M,19.5,20-23,57.7,59,150.0,95.0,190.0,384.75
Remy Jogchems,M,37.0,35-39,86.0,90,165.0,130.0,230.0,343.36
Jasper Hoiting,M,23.5,24-34,86.34,93,185.0,100.0,225.0,332.83
Abel Agterberg,M,23.5,24-34,90.4,93,175.0,112.5,235.0,332.81
Rick Duyvestijn,M,19.5,20-23,81.92,83,222.5,142.5,275.0,430.57
Veerle van Leemput,F,27.5,24-34,56.18,57,115.0,67.5,152.5,393.17
Art Asrian,M,34.5,24-34,82.85,83,160.0,150.0,205.0,344.13
Auke van Dorland,M,20.5,20-23,100.4,105,212.5,157.5,235.0,367.61
Marc van der Duin,M,21.5,20-23,87.6,93,200.0,115.0,200.0,333.45
Helima Julia Bridié,F,25.5,24-34,82.92,84,135.0,70.0,160.0,327.63
Angeline Bosma,F,34.5,24-34,74.14,76,115.0,67.5,162.5,330.37
Jia Xing Lin,M,20.5,20-23,79.84,83,155.0,117.5,217.5,334.95
Klaas Boersma,M,21.5,20-23,86.74,93,190.0,125.0,222.5,349.88
Josephine Scheffelaar,F,22.5,20-23,62.3,63,95.0,62.5,155.0,338.47
Robin Kisabacak,M,22.5,20-23,65.1,66,140.0,112.5,175.0,339.51
Ezra Scheermeijer,M,21.5,20-23,87.18,93,190.0,130.0,195.0,334.31
Nienke Korte,F,21.5,20-23,70.2,72,132.5,52.5,162.5,345.03
Whitney Nedd,F,23.0,20-23,62.25,63,125.0,65.0,162.5,382.03
Lucas Hop,M,22.5,20-23,81.68,83,177.5,117.5,215.0,343.72
Daniel in't Veld,M,26.5,24-34,114.12,120,200.0,160.0,220.0,337.71
Sebastiaan Hagoort,M,19.5,20-23,82.34,83,185.0,115.0,200.0,335.34
Bram Paul,M,20.5,20-23,92.2,93,202.5,135.0,250.0,370.59
Laura Jansen,F,22.5,20-23,51.5,52,105.0,65.0,112.5,354.81
Thijs Bongers,M,25.5,24-34,102.55,105,215.0,145.0,245.0,364.63
Kristel Nierman,F,29.0,24-34,61.5,67.5,142.5,60.0,162.5,399.26
Adriaan Dirkzwager,M,22.5,20-23,82.12,83,205.0,127.5,280.0,411.46
Hidde Vermeulen,M,16.5,16-17,96.96,105,195.0,125.0,225.0,335.96
Lars Jongerden,M,32.5,24-34,112.82,120,200.0,130.0,250.0,338.79
Jarno de Jong,M,17.5,18-19,89.4,93,200.0,105.0,245.0,352.32
Jack van Vlerken,M,21.5,20-23,91.08,93,230.0,120.0,247.5,379.16
Grace Heijns,F,25.5,24-34,59.74,63,127.5,70.0,160.0,399.92
Chanou Leeters,F,28.5,24-34,54.7,57,100.0,60.0,152.5,374.52
Gavin Geurtsen,M,21.5,20-23,89.18,93,185.0,137.5,227.5,352.77
Lorenzo de Weerd,M,16.5,16-17,77.28,83,167.5,107.5,210.0,338.62
Jesse Lentjes,F,25.5,24-34,50.84,52,110.0,72.5,132.5,399.56
Remi Smith,M,20.5,20-23,75.44,83,172.5,105.0,200.0,338.87
Benjamin Faal,M,23.5,24-34,113.36,120,240.0,145.0,315.0,408.33
Rens Croonen,M,25.5,24-34,118.32,120,252.5,180.0,295.0,419.66
Laura Koopman,F,25.5,24-34,62.56,63,120.0,70.0,150.0,367.09
Symone Kooistra,F,25.5,24-34,74.94,76,142.5,82.5,177.5,382.82
Karlijn Verkaik,F,36.5,35-39,82.2,84,140.0,65.0,175.0,342.64
Tom van Mill,M,25.5,24-34,103.68,105,217.5,147.5,255.0,372.16
Arthur Veenhuijzen,M,17.5,18-19,72.16,74,165.0,110.0,190.0,340.62
Jeroen van Leeuwen,M,23.5,24-34,88.5,93,182.5,117.5,225.0,338.08
Zina Koning,F,30.5,24-34,67.8,69,110.0,77.5,145.0,338.28
Jens Westra,M,17.5,18-19,80.94,83,175.0,112.5,212.5,338.87
Fred van Giersbergen,M,56.5,55-59,132.6,120+,230.0,170.0,260.0,372.0
Carlos Seba,M,19.5,20-23,65.06,66,152.5,85.0,195.0,343.66
Jop Reijnen,M,21.5,20-23,88.4,93,185.0,127.5,212.5,338.28
Jessica Konjanan,F,39.5,35-39,82.9,84,130.0,75.0,165.0,332.16
Dennis Hulsebos,M,21.5,20-23,90.04,93,195.0,120.0,215.0,338.27
Roy Kreuger,M,27.5,24-34,104.34,105,237.5,170.0,280.0,411.74
Enzo Brouwers,M,19.5,20-23,103.24,105,215.0,120.0,230.0,339.67
Anne Strikwerda,F,24.5,24-34,74.06,76,110.0,77.5,162.5,335.39
Age Douma,M,49.5,45-49,101.98,105,217.5,117.5,227.5,339.73
Anne Strik,F,32.5,24-34,74.96,76,132.5,70.0,150.0,335.21
Kevin Hulshof,M,31.5,24-34,82.3,83,185.0,130.0,225.0,362.28
Patrick van der Putten,M,33.5,24-34,105.1,120,200.0,180.0,240.0,370.36
Otte Jansen,M,23.5,24-34,102.52,105,190.0,135.0,240.0,340.56
Nasreddine Ouchene,M,19.5,20-23,91.6,93,185.0,122.5,230.0,340.13
Scott Wenmakers,M,40.5,40-44,92.24,93,205.0,140.0,240.0,368.94
Jorrit van Leiden,M,26.5,24-34,102.88,105,225.0,117.5,235.0,347.64
Susana Gerrits,F,35.5,35-39,46.64,47,100.0,55.0,120.0,371.9
Jolijn Brandsma,F,23.5,24-34,67.66,69,140.0,60.0,185.0,392.27
Jelte de Haan,M,22.5,20-23,81.18,83,180.0,110.0,215.0,341.63
Vincent Baarslag,M,26.5,24-34,119.2,120,200.0,127.5,295.0,358.45
Anne Wind,M,27.5,24-34,99.56,105,195.0,130.0,235.0,341.41
Kim Hoetjes-Mulders,F,46.5,45-49,67.64,69,125.0,75.0,135.0,341.4
Yash Anandbahadoer,M,16.5,16-17,57.94,59,145.0,92.5,160.0,350.2
Melle Peels,M,16.5,16-17,75.96,83,180.0,107.5,210.0,351.4
Senja-Irene Torres Perez De San Roman,F,33.5,24-34,67.78,69,152.5,77.5,147.5,384.15
Bașak Özkan,F,25.5,24-34,66.56,69,127.5,52.5,152.5,342.81
Michael Flierman,M,31.5,24-34,105.06,120,252.5,150.0,262.5,397.29
Don van der Steeg,M,32.5,24-34,81.22,83,200.0,142.5,207.5,371.96
Kristian Broere,M,28.5,24-34,90.7,93,172.5,125.0,240.0,341.8
Iris van Pinxteren,F,23.5,24-34,68.5,69,140.0,85.5,162.5,391.88
Lisa Zuiderduin,F,21.5,20-23,75.36,76,140.0,67.5,180.0,367.27
Timo de Smit,M,23.5,24-34,91.0,93,180.0,110.0,250.0,342.82
Berwout Heemstra,M,24.5,24-34,78.96,83,180.0,120.0,200.0,344.21
Guido Paulusma,M,17.5,18-19,81.42,83,195.0,115.0,235.0,368.02
Thomas Bosman,M,25.5,24-34,114.1,120,260.0,150.0,290.0,407.6
Noud Frints,M,25.5,24-34,82.18,83,187.5,112.5,212.5,344.13
Matthijs Trimpe-Burger,M,26.5,24-34,73.7,74,195.0,112.5,235.0,391.36
Gerrit Groen,M,43.5,40-44,99.76,105,195.0,150.0,220.0,344.18
Casper van Hal,M,22.5,20-23,126.9,120+,200.0,147.5,270.0,350.83
Sayfeddine Al Sidi Yahia,M,19.5,20-23,105.98,120,207.5,135.0,237.5,345.47
Nelleke van Staveren,F,26.5,24-34,64.78,69,120.0,70.0,145.0,352.33
Anouk Hofstee,F,21.5,20-23,61.7,63,120.0,55.0,145.0,349.17
Don Rouwen,M,28.5,24-34,90.98,93,220.0,117.5,260.0,379.37
Natasja Martis,F,43.5,40-44,61.94,63,117.5,82.5,150.0,380.77
Kennedy Rocha,M,32.5,24-34,72.3,74,150.0,125.0,200.0,347.45
Tim Grimbergen,M,19.5,20-23,91.25,93,200.0,145.0,245.0,374.06
Vincent van den Broek,M,24.5,24-34,73.42,74,152.5,102.5,225.0,347.21
Oane Jansen,M,18.5,18-19,104.35,105,232.5,135.0,245.0,366.81
Gennaro Pattiiha,M,34.5,24-34,66.0,66,147.5,100.0,212.5,361.19
Zyco van Esveld,M,22.5,20-23,85.34,93,180.0,150.0,225.0,364.55
Katinka van Baalen,F,24.5,24-34,56.4,57,115.0,75.0,150.0,397.82
Leonie Dreijerink,F,29.5,24-34,67.16,69,125.0,57.5,155.0,345.71
Mick de Jongh,M,16.5,16-17,73.9,74,170.0,80.0,232.5,347.4
Jorg van Wersch,M,21.5,20-23,88.8,93,190.0,135.0,225.0,353.55
Alwin Tan,M,33.5,24-34,73.6,74,207.5,142.5,235.0,422.43
Lana Hooiveld,F,17.5,18-19,63.0,63,122.5,82.5,150.0,381.25
Charlotte Jongenotter,F,19.5,20-23,67.44,69,132.5,67.5,152.5,360.0
Shelika Leidelmeijer,F,24.5,24-34,53.42,57,105.0,65.0,122.5,357.1
Remco van Woerkom,M,20.5,20-23,108.56,120,237.5,135.0,287.5,390.01
Grant Rudman,M,22.5,20-23,101.44,105,197.5,130.0,245.0,346.47
Soo Jin van Dalen,F,20.5,20-23,51.38,52,110.0,50.0,125.0,358.59
Raief Ahmadkhan,M,18.5,18-19,71.32,74,150.0,102.5,220.0,349.12
Nikki Klein,F,20.5,20-23,51.73,52,105.0,60.0,140.0,381.76
Najef Zondringa,M,32.5,24-34,64.98,66,160.0,105.0,212.5,379.81
Mats Ter Horst,M,19.5,20-23,90.6,93,215.0,107.5,265.0,373.8
Judith Meerding,F,32.5,24-34,62.6,63,112.5,70.0,142.5,350.73
Justin Mulder,M,24.5,24-34,85.15,93,210.0,120.0,227.5,366.66
Nathalie Hillenga,F,31.5,24-34,63.0,63,122.5,70.0,160.0,378.57
Stephan Munneke,M,21.5,20-23,65.84,66,167.5,95.0,185.0,352.08
Kabir Razack,M,21.5,20-23,65.4,66,175.0,105.0,195.0,375.79
Robin Schipper,M,21.5,20-23,79.44,83,175.0,107.5,225.0,348.02
Boris Swart,M,20.5,20-23,81.45,83,200.0,125.0,235.0,378.07
Michel Pham,M,26.0,24-34,65.6,66,180.0,102.5,205.0,384.71
Luuk Tiel,M,20.5,20-23,77.75,83,200.0,142.5,252.5,413.75
Kevin Janssen,M,39.0,35-39,123.1,125,230.0,170.0,280.0,388.73
Matthijs Keep,M,22.5,20-23,81.78,83,170.0,137.5,215.0,351.88
Shanna Verheijen,F,25.5,24-34,67.4,69,130.0,80.0,160.0,378.03
Manuel Apalmo,M,22.5,20-23,81.88,83,185.0,135.0,210.0,356.67
Nick van Giersbergen,M,30.5,24-34,112.92,120,215.0,145.0,240.0,350.38
Viola Gyed,F,26.5,24-34,59.03,63,122.5,70.0,147.5,383.89
Aron Muijsenberg,M,23.5,24-34,91.9,93,195.0,150.0,252.5,377.5
Marwan Mousa,M,17.5,18-19,92.56,93,185.0,120.0,247.5,347.86
Luke Diepenbroek,M,31.5,24-34,119.02,120,270.0,180.0,300.0,432.02
Samantha Bendeler,F,30.5,24-34,66.2,69,130.0,57.5,150.0,349.34
Chris van Toor,M,25.5,24-34,81.04,83,170.0,120.0,225.0,348.77
Petra van Rooijen,F,26.5,24-34,83.3,84,147.5,67.5,167.5,342.53
Casper Peters,M,20.5,20-23,89.94,93,195.0,125.0,225.0,348.04
Julius van Hulst,M,20.5,20-23,80.8,83,175.0,105.0,250.0,359.59
Sevde Bayrak,F,24.5,24-34,68.32,69,135.0,67.5,165.0,371.86
Jesse ten Voorde,M,19.5,20-23,85.6,93,205.0,100.0,245.0,360.65
Wolf Bubberman,M,21.5,20-23,79.46,83,170.0,110.0,230.0,349.67
John Sneek,M,29.0,24-34,88.6,90,235.0,142.5,240.0,397.41
Marlinde Gras,F,30.5,24-34,62.67,63,135.0,75.0,170.0,409.73
Joey Schaffer,M,18.5,18-19,93.8,105,190.0,125.0,242.5,348.81
Rinus de Wit,M,22.5,20-23,102.4,105,200.0,145.0,235.0,349.75
Cathelijne Gort,F,19.5,20-23,73.9,76,135.0,100.0,205.0,422.21
Elmo van den Broek,M,21.5,20-23,90.86,93,200.0,127.5,225.0,351.03
Emiel Laugs,M,34.5,24-34,104.46,105,200.0,165.0,220.0,350.21
Tanja van Huizen,F,26.0,24-34,66.65,67.5,140.0,80.0,120.0,350.2
Job Zeijen,M,43.5,40-44,81.16,83,210.5,120.0,265.5,403.25
Sam Ter Mors,M,22.5,20-23,89.28,93,200.0,140.0,255.0,381.41
Sem van der Vinne,M,18.5,18-19,90.6,93,200.0,112.5,237.5,349.94
Mike Beer,M,24.5,24-34,81.15,83,195.0,115.0,230.0,365.39
Mitchel Leunissen,M,26.5,24-34,73.81,74,200.0,132.5,257.5,425.17
Auke Piers,M,25.5,24-34,92.1,93,215.0,153.5,260.0,396.66
Aniek Schreurs,F,28.5,24-34,62.23,63,117.5,65.0,145.0,355.02
Marciano Schildmeijer,M,30.5,24-34,90.2,93,232.5,157.5,265.0,417.68
Roy Bulthuis,M,23.5,24-34,91.74,93,232.5,122.5,237.5,374.66
Mike Kolkman,M,30.5,24-34,118.0,120,220.0,140.0,255.0,355.0
Chantal Schalkers,F,24.5,24-34,67.7,69,130.0,70.0,145.0,351.37
Manon Willemsen,F,21.5,20-23,67.74,69,135.0,70.0,167.5,379.22
Liroy Klein Gunnewiek,M,20.5,20-23,91.48,93,185.0,130.0,240.0,351.43
Stefan Meinen,M,17.5,18-19,80.85,83,195.0,130.0,235.0,379.79
Wouter Klaver,M,21.5,20-23,103.65,105,250.0,193.0,257.5,420.53
Johannes Kater,M,17.5,18-19,70.22,74,150.0,105.0,220.0,355.11
Roy Brouwer,M,18.5,18-19,89.46,93,182.5,135.0,245.0,360.2
Stanley Dubbeld,M,21.5,20-23,82.16,83,190.0,120.0,215.0,352.57
Damian van Sinderen,M,24.5,24-34,91.58,93,240.0,160.0,275.0,427.19
Ruud Kassing,M,26.5,24-34,82.7,83,222.5,150.0,257.5,421.43
Nikki van der Welle,F,24.5,24-34,67.2,69,125.0,55.0,165.0,353.24
Marick Klarenbeek,M,25.5,24-34,102.53,105,215.0,140.0,255.0,367.67
Bram de Ruiter,M,23.5,24-34,72.52,74,175.0,105.0,232.5,374.05
Marcel Qualm,M,17.0,16-17,90.72,93,205.0,125.0,245.0,365.6
Mika Bremer,M,17.5,18-19,72.6,74,185.0,120.0,220.0,382.86
Denzil Vreugd,M,40.5,40-44,74.0,74,210.0,130.5,231.0,411.09
Tessa Schaper,F,25.5,24-34,55.69,57,112.5,65.0,130.0,363.38
Nooraldeen Hameed,M,20.5,20-23,81.9,83,180.0,130.0,237.5,368.39
Kevin Duijkers,M,19.5,20-23,80.14,83,200.0,115.0,220.0,364.84
Yannick van der Corput,M,19.5,20-23,102.52,105,212.5,135.0,240.0,354.12
Jannik Zozmann,M,20.5,20-23,97.53,105,200.0,127.5,247.5,353.57
Kevin Philipsen,M,25.5,24-34,91.22,93,200.0,135.0,222.5,353.51
Ivan Schaap,M,19.5,20-23,90.95,93,195.0,122.5,255.0,363.56
Judith van Dijk,F,27.5,24-34,66.84,69,115.0,62.5,167.5,354.62
Devin van Gils,M,22.5,20-23,97.78,105,192.5,145.0,255.0,363.93
Desirée Kommerkamp,F,30.5,24-34,60.41,63,107.5,75.0,142.5,360.43
Eva Zhu,F,20.5,20-23,51.36,52,127.5,70.0,144.0,429.81
Kevin Danes,M,39.5,35-39,95.24,105,202.5,130.0,252.5,363.47
Hennes de Kok,M,21.5,20-23,98.99,105,242.5,160.0,275.0,414.02
Marcha Wieringa,F,19.5,20-23,83.17,84,155.0,82.5,180.0,374.17
Wensley Gajadien,M,21.5,20-23,88.72,93,247.5,140.0,270.0,422.86
Larissa Bastiani,F,26.5,24-34,96.66,84+,150.0,80.0,201.5,363.08
Ivo Rap,M,19.5,20-23,80.9,83,175.0,115.0,235.0,355.92
Tom van de Graaf,M,32.5,24-34,98.53,105,220.0,150.0,245.0,376.55
Christian Wiegman,M,38.5,35-39,98.2,105,200.0,140.0,240.0,355.61
Rijk van Eijk,M,21.5,20-23,80.8,83,190.0,115.0,250.0,376.55
Romy van Vianen,F,21.5,20-23,65.62,69,160.0,85.0,170.0,432.34
Florence Peeters,F,25.5,24-34,62.62,63,130.0,72.5,147.5,377.61
Mario van Nistelrooij,M,21.5,20-23,65.25,66,155.0,115.0,220.0,388.4
Jim van de Ven,M,31.5,24-34,91.64,93,190.0,135.0,237.5,355.87
William van der Struis,M,34.5,24-34,82.33,83,207.5,160.0,232.5,402.44
Johannes Bracht,M,29.0,24-34,115.6,120,220.0,145.0,255.0,359.76
Casper Vaes,M,28.5,24-34,92.6,93,255.0,147.5,265.0,420.18
Charif de Keizer,M,21.5,20-23,87.52,93,185.0,125.0,240.0,356.29
Vrony Peters,F,31.5,24-34,108.7,84+,197.5,80.0,192.5,383.12
Paul Theuns,M,27.5,24-34,101.54,105,220.0,140.0,230.0,356.92
Andy Hoang,M,18.5,18-19,77.5,83,187.5,135.0,212.5,372.82
Marto Metselaar,M,29.5,24-34,111.9,125,340.0,190.0,290.0,480.1
Stanley Van Essen,M,26.5,24-34,103.39,105,250.0,157.5,257.5,399.58
Tymen Gerestein,M,30.5,24-34,123.5,120+,250.0,210.0,265.0,414.17
Milan Groote,M,17.5,18-19,102.1,105,215.0,127.5,250.0,357.69
Joey van Slooten,M,23.5,24-34,82.05,83,202.5,137.5,235.0,386.47
Abel Coenen,M,22.5,20-23,90.28,93,180.0,130.0,250.0,356.94
Maas Rothweiler,M,18.5,18-19,100.38,105,200.0,132.5,280.0,372.2
Kristof van Kamperdijk,M,21.5,20-23,98.58,105,200.0,162.5,235.0,365.75
Jolien Dreesen,F,24.5,24-34,61.8,63,167.5,85.0,190.0,482.23
Tom Böckling,M,23.5,24-34,101.54,105,212.5,137.5,242.5,358.44
Yvette van Benten,F,25.5,24-34,74.75,76,155.5,70.0,162.5,369.62
Richard Schoonhoven,M,24.5,24-34,92.28,93,210.0,152.5,272.5,400.39
Twan op 't Ende,M,30.0,24-34,87.5,90,205.0,107.5,240.0,357.95
Jelle van Dorth,M,27.5,24-34,119.36,120,265.0,162.5,285.0,410.14
Dennis Scholten,M,24.5,24-34,103.44,105,237.5,185.0,285.0,425.04
Leroy de Groot,M,20.5,20-23,73.72,74,185.0,107.5,230.0,376.86
Lemaire Oulai,M,41.5,40-44,91.96,93,220.0,155.0,265.0,404.22
Harry Seriese,M,54.5,50-54,123.97,120+,255.0,170.0,260.0,391.01
Sebastiaan Rodrigues de Miranda,M,23.5,24-34,101.1,105,235.0,127.5,287.5,393.88
Jovi van Leur,M,21.5,20-23,70.98,74,155.0,112.5,220.0,361.5
Peter van der Mast,M,36.5,35-39,81.3,83,195.0,130.0,220.0,368.36
Zyco Esveld,M,21.5,20-23,80.88,83,175.0,140.0,215.0,359.37
Janis Königs,M,20.5,20-23,79.55,83,172.5,132.5,220.0,359.7
Joep Janssen,M,25.5,24-34,89.44,93,200.0,130.0,230.0,358.64
Tom Nillesen,M,18.5,18-19,65.42,66,175.0,102.5,190.0,369.77
Max van Stuijvenberg,M,20.5,20-23,94.65,105,200.0,132.5,270.0,375.4
Nuri Hagen,M,20.5,20-23,89.9,93,227.5,155.0,308.0,441.06
Larissa Vermaning,F,28.5,24-34,58.8,63,117.5,82.5,147.5,393.55
Jip Beerse,M,17.5,18-19,80.64,83,200.0,130.0,232.5,382.11
Rebecca Croes,F,20.5,20-23,50.8,52,110.0,75.0,155.0,431.53
Astrid Haitsma,F,22.5,20-23,60.98,63,135.0,72.5,152.5,396.37
Chenine Bleumink,F,24.5,24-34,68.22,69,132.5,72.5,150.0,359.59
Wolfgang Bubberman,M,22.5,20-23,81.65,83,180.0,125.0,230.0,360.65
Scott van Hagen,M,20.5,20-23,82.54,83,187.5,127.5,232.5,366.67
Priscilla Molenaar,F,26.5,24-34,64.84,69,117.5,82.5,145.0,362.6
Rutger Dijk,M,30.5,24-34,101.93,105,207.5,125.0,265.0,360.93
Carmen Immink,F,19.5,20-23,55.38,57,130.0,80.0,150.0,427.29
Sven Jansen,M,28.5,24-34,181.9,120+,280.0,192.5,275.0,401.62
Carlo Groeneweg,M,27.5,24-34,92.97,93,197.5,137.5,245.0,364.41
Osman Uysal,M,19.5,20-23,65.0,66,180.0,127.5,190.0,395.61
Yanou Athineos,F,26.5,24-34,67.84,69,130.0,65.0,160.0,361.02
Jordan Gijsbertha,M,22.5,20-23,92.28,93,200.0,132.5,240.0,360.98
Brent Verkooijen,M,22.5,20-23,91.16,93,220.0,132.5,250.0,382.17
Terence Jacobs,M,16.5,16-17,65.3,66,175.0,100.0,230.0,400.04
Michiel Francke,M,28.5,24-34,90.58,93,240.0,145.0,245.0,400.89
Silvan van Leeuwen,M,34.5,24-34,114.9,120,225.0,142.5,260.0,364.69
Lois Bertens,F,30.0,24-34,64.5,67.5,120.0,60.0,165.0,364.02
Rens Snelders,M,24.5,24-34,81.48,83,212.5,115.0,230.0,376.3
Mauritius van Maurik,M,19.5,20-23,65.54,66,155.0,115.0,195.0,367.23
Dirk Bennenbroek,M,24.5,24-34,72.6,74,200.0,130.0,212.5,395.62
Jochem Broekhuis,M,23.5,24-34,91.6,93,200.0,142.5,250.0,374.94
Mert Ferdi Kar,M,21.5,20-23,82.05,83,200.0,125.0,215.0,362.94
Jaden Dos Santos Cheung,M,20.5,20-23,87.66,93,190.0,125.0,245.0,362.45
Raveen van Oldenmark,M,25.5,24-34,82.0,83,187.5,107.5,245.0,363.08
Sander Koelewijn,M,32.5,24-34,90.58,93,190.0,120.0,260.0,362.71
Esmee Neeleman,F,18.5,18-19,56.14,57,117.5,72.5,160.0,411.01
Tessa Ophoff,F,20.5,20-23,73.64,76,155.0,80.0,180.0,399.13
Noud Beelen,M,26.5,24-34,90.6,93,210.0,145.0,260.0,391.3
Jordi van Heijningen,M,16.5,16-17,91.06,93,270.0,170.0,280.0,456.95
Sander Baltus,M,24.5,24-34,91.88,93,212.5,117.5,245.0,363.32
Lars Giesen,M,24.5,24-34,80.3,83,185.0,105.0,245.0,364.39
Tim de Pater,M,24.5,24-34,82.4,83,212.5,132.5,237.5,390.5
Tim de Klerk,M,30.5,24-34,82.0,83,250.0,167.5,285.0,472.33
Nino van Rikxoort,M,21.5,20-23,103.42,105,250.0,180.0,305.0,441.59
Phylicia Keizer,F,21.5,20-23,73.64,76,130.0,92.5,152.5,360.66
Alex Man,M,24.5,24-34,88.3,93,197.5,140.0,227.5,364.28
Danique Hoogenboezem,F,18.5,18-19,74.38,76,140.0,70.0,175.0,367.92
Frans van der Putten,M,59.5,55-59,100.16,105,210.0,177.5,212.5,364.92
Milan Wassing,M,19.5,20-23,90.53,93,210.0,127.5,235.0,364.4
Jesse van Mourik,M,19.5,20-23,91.9,93,250.0,175.0,287.5,450.15
Janneke Brauckman,F,21.5,20-23,56.24,57,142.5,105.0,167.5,486.66
Mark te Hennepe,M,25.5,24-34,87.96,93,197.5,127.5,240.0,365.02
Tim Geurts,M,45.0,45-49,87.98,93,200.0,137.5,230.0,366.59
Remco van den Broek,M,20.5,20-23,96.61,105,190.0,142.5,260.0,365.81
Luuk de Wit,M,29.5,24-34,118.7,120,225.0,142.5,275.0,370.34
Boyd Thijssens,M,30.5,24-34,105.0,105,230.0,157.5,277.5,397.37
Carlijne Schmid,F,20.5,20-23,46.2,47,95.0,60.5,137.5,398.92
Ramona Schuit,F,26.5,24-34,73.46,76,147.5,90.0,170.0,392.53
Anke Keller,F,23.5,24-34,74.38,76,140.0,75.0,206.0,402.32
Nick Rovers,M,29.0,24-34,123.4,125,290.0,227.5,320.0,478.52
Kristel Joan Nierman,F,28.0,24-34,58.6,60,120.0,55.0,155.0,374.73
Sanne van Loon,F,20.5,20-23,55.9,57,112.5,67.5,140.0,377.04
Zohair Kanjaa,M,20.5,20-23,79.1,83,167.5,127.5,240.0,367.88
Tomas Bozon,M,24.5,24-34,81.47,83,192.5,145.0,240.0,389.82
Maaike Brinkhof,F,35.5,35-39,70.78,76,122.5,72.5,175.0,365.31
Coen Wijnia,M,25.5,24-34,136.3,120+,250.0,192.5,265.0,396.99
Sikko Schnoor,M,26.5,24-34,90.56,93,215.0,130.0,232.5,367.52
Corine Ganga,F,24.5,24-34,80.54,84,160.0,80.0,197.5,398.83
Kevin van Emmerik,M,22.5,20-23,91.06,93,202.5,142.5,235.0,368.1
Justin Schulz,M,24.5,24-34,92.6,93,205.0,137.5,242.5,368.25
Robin Bosch,M,29.5,24-34,102.34,105,237.5,162.5,252.5,393.56
Joran Vestering,M,18.5,18-19,92.05,93,227.5,130.0,250.0,383.51
Kaan Yalcin,M,19.5,20-23,82.75,83,185.0,120.0,247.5,369.46
Joey Ma,M,25.5,24-34,82.75,83,265.0,155.0,310.5,488.48
Dominic Therattil,M,19.5,20-23,63.9,66,152.5,92.5,220.5,375.54
Jordy van Muijen,M,23.5,24-34,130.0,120+,245.0,145.0,277.5,377.53
Tim van de Geijn,M,20.5,20-23,88.86,93,205.0,135.0,235.0,369.49
Quinn Kruisweg,M,20.5,20-23,80.44,83,180.0,130.0,235.0,370.79
Wesley Kruise,M,23.5,24-34,91.72,93,220.0,135.0,230.0,369.95
Thijs van den Dobbelsteen,M,16.5,16-17,90.9,93,212.5,132.5,237.5,370.01
Sven Kapteyn,M,21.5,20-23,90.82,93,200.0,132.5,250.0,370.17
André Haverlag,M,22.5,20-23,92.38,93,210.0,132.5,245.0,370.24
Coen de Heer,M,24.5,24-34,119.5,120,285.0,170.0,320.0,446.0
Nando Kolk,M,21.5,20-23,91.98,93,225.0,132.5,272.5,397.86
Ivar Dirks,M,19.5,20-23,102.18,105,215.0,140.0,260.0,371.16
Sven den Houting,M,39.5,35-39,99.5,105,255.0,150.0,255.0,402.48
Jorel Omandam,M,17.5,18-19,80.62,83,200.0,120.0,250.0,387.26
Rian Smit,M,19.5,20-23,99.1,105,210.0,162.5,235.0,371.07
Matthijs Kemp,M,25.5,24-34,73.46,74,192.5,117.5,217.5,381.42
Luuk Ruiter,M,31.0,24-34,96.3,100,210.0,140.0,250.0,370.97
Joshua Amatsetam,M,20.5,20-23,73.64,74,165.0,110.0,242.5,373.54
Michel Laugs,M,37.5,35-39,85.16,93,175.0,147.5,242.5,371.57
Colette Haddon,F,46.0,45-49,62.31,63,150.0,80.0,185.0,449.44
Maarten van Eikeren,M,21.5,20-23,92.75,93,262.5,145.0,285.0,435.58
Daniel Mamahit,M,24.5,24-34,86.3,93,197.5,127.5,245.0,372.08
Rick Elgershuizen,M,17.5,18-19,92.15,93,205.0,155.0,240.0,378.58
Daniel Dijkstra,M,20.5,20-23,114.26,120,225.0,155.0,265.0,375.43
Matthijs Weltens,M,20.5,20-23,80.9,83,187.5,112.5,250.0,372.87
Twan Damhuis,M,22.5,20-23,81.55,83,205.0,127.5,240.0,386.22
Guillaume Ariës,M,25.5,24-34,87.4,90,225.0,150.0,250.0,405.17
Sjoerd Dijkstra,M,25.5,24-34,90.52,93,210.0,132.5,242.5,372.37
Lévi Rijnen,M,22.5,20-23,90.5,93,252.5,140.0,242.5,404.25
Larissa José Vermaning,F,28.5,24-34,56.38,57,107.5,80.0,140.0,383.3
Wesley Ortega,M,29.5,24-34,136.45,120+,237.5,155.0,307.5,392.71
Thomas Veldhuisen,M,20.5,20-23,80.3,83,187.5,120.0,242.5,374.6
Joshua Voeten,M,17.5,18-19,82.38,83,198.0,127.5,235.0,375.81
Iduna Bink,F,20.5,20-23,67.28,69,160.0,87.5,187.5,445.01
Iza Kwantes,F,19.5,20-23,68.72,69,125.0,70.0,200.0,398.05
Ilrish Kensenhuis,F,32.5,24-34,89.05,84+,180.0,85.0,228.5,428.33
Ziyed Badreddine,M,27.5,24-34,119.05,120,242.5,137.5,280.0,380.16
Damian Borzyszkowski,M,27.5,24-34,82.2,83,190.0,130.0,240.0,375.97
Rob Elferink,M,25.5,24-34,116.82,120,265.0,152.5,302.5,416.65
Minh Vinh Anh Le,M,18.5,18-19,81.35,83,227.5,135.0,245.0,410.45
Elise van de Berg,F,26.5,24-34,80.34,84,150.0,80.0,175.0,369.71
Luc van der Male,M,22.5,20-23,82.04,83,235.0,160.0,265.0,443.63
Richard Duits,M,21.5,20-23,64.78,66,175.0,110.0,222.5,404.71
Tijn van der Krol,M,19.5,20-23,96.0,105,240.0,175.0,255.0,414.81
Joey Biesterbos,M,25.5,24-34,91.21,93,205.0,125.0,265.0,377.31
Levi Rohring,M,19.5,20-23,104.25,105,245.0,132.5,255.0,378.91
Stijn Schoonhoff,M,22.5,20-23,81.58,83,210.0,127.5,240.0,389.5
Gaby Voerman,F,22.5,20-23,55.88,57,112.5,67.5,150.0,388.93
Ramon Kraaijvanger,M,26.5,24-34,103.92,105,265.0,177.5,305.0,448.32
Iris Kensenhuis,F,35.5,35-39,83.1,84,185.0,90.0,221.0,444.72
Dennis-Jean Abbink,M,31.5,24-34,65.1,66,185.0,122.5,232.5,428.86
Daan Pepers,M,19.5,20-23,82.62,83,202.5,120.0,245.0,379.84
Henk Rozeboom,M,24.5,24-34,104.3,105,235.0,147.5,317.5,419.28
Pieter Voorwinden,M,19.5,20-23,71.2,74,175.0,132.5,210.0,382.86
Noah Sipsma,M,20.5,20-23,116.6,120,240.0,142.5,280.0,383.56
Dogan Tekin,M,31.5,24-34,92.0,93,267.5,150.0,315.5,462.86
Koene Kisjes,M,26.0,24-34,97.5,100,235.0,142.5,240.0,379.75
Bruno Frijn,M,22.5,20-23,92.01,93,210.0,140.0,260.0,385.17
Roy Hurkens,M,22.5,20-23,103.08,105,235.0,140.0,267.5,386.49
Rishi Nair,M,20.5,20-23,90.0,93,227.5,157.5,255.0,408.57
Mark Notschaele,M,55.0,55-59,121.0,125,252.5,175.0,245.0,385.9
Silvan Heijnen,M,18.5,18-19,103.0,105,245.0,155.0,265.0,400.14
Bram Smits,M,24.5,24-34,91.25,93,237.5,157.5,290.0,434.29
Marcel Goedhart,M,26.5,24-34,89.35,93,230.0,127.5,245.0,386.06
Karim Fellouchi,M,20.5,20-23,103.44,105,225.0,150.0,260.0,381.49
Maik van der Sleen,M,29.5,24-34,87.54,93,215.0,112.5,260.0,380.53
David Satsjelasjvili,M,31.0,24-34,107.5,110,275.0,100.0,270.0,382.36
Jorghinio Alfred,M,31.5,24-34,81.92,83,217.5,132.5,235.0,393.56
Jeroen Grimbergen,M,21.5,20-23,89.55,93,240.0,137.5,252.5,403.22
Rowan Kollau,M,18.5,18-19,90.55,93,215.0,140.0,300.0,416.86
Lorenzo Haarloo,M,31.5,24-34,65.96,66,190.0,122.5,257.5,447.78
Iris Scholten,F,29.5,24-34,62.45,63,192.5,120.0,192.5,545.97
Dylan van de Kuinder,M,15.5,16-17,90.94,93,200.0,160.5,240.0,381.36
Vincent Bes,M,21.5,20-23,96.4,105,212.5,167.5,237.5,381.61
Andonis Roosberg,M,22.5,20-23,65.0,66,185.0,110.0,192.5,387.66
Owen Doorten,M,23.5,24-34,98.1,105,235.0,152.5,260.0,397.17
Sven Kapteijn,M,19.5,20-23,81.5,83,195.0,130.0,242.5,382.99
Raymond Bruynaers,M,37.5,35-39,80.56,83,235.0,147.5,267.5,441.82
Robin Kensenhuis,M,41.5,40-44,103.46,105,255.0,177.5,312.5,447.54
Pardeep Kailey,M,33.5,24-34,73.85,74,228.0,130.0,252.5,439.77
Mels Harutunian,M,30.5,24-34,80.6,83,220.0,130.0,260.0,414.5
Eray Cingi,M,28.0,24-34,73.6,74,222.5,152.5,255.0,454.92
Murad Barmou,M,28.5,24-34,82.32,83,205.0,125.0,245.0,385.7
John Wortel,M,21.5,20-23,92.55,93,262.5,180.0,297.5,465.94
Michelle Weyers,F,19.5,20-23,68.02,69,142.5,90.0,177.5,416.17
Justin Lo Tam Loi,M,20.5,20-23,72.6,74,185.0,122.5,225.0,388.33
Bas de Vreede,M,27.5,24-34,83.0,83,232.5,135.0,282.5,433.87
Djahmar Schoonheim,M,21.5,20-23,81.82,83,212.5,132.5,250.0,400.59
Thijs Oudshoorn,M,30.5,24-34,81.5,83,207.5,152.5,240.0,404.92
Loraine van Aalten,F,23.5,24-34,73.58,76,150.0,80.0,187.5,401.74
Evita Talahatu,F,30.5,24-34,57.0,57,152.5,87.5,145.0,446.75
John Sneer,M,30.0,24-34,88.4,90,210.0,140.0,250.0,386.61
Jacob Slump,M,22.5,20-23,103.55,105,270.0,172.5,305.0,448.9
Rowan de Miranda,M,38.5,35-39,82.3,83,210.0,140.0,227.5,387.43
Jerome Latour,M,28.5,24-34,81.6,83,200.0,140.0,235.0,387.76
Patrick Steenbergen,M,22.5,20-23,90.22,93,190.0,135.0,282.5,387.34
Bram van der Zaan,M,27.5,24-34,64.98,66,165.0,115.0,215.0,393.73
Steyn Slingschroder,M,24.5,24-34,103.4,105,250.0,160.0,255.0,399.57
Balder van de Vijfeijken,M,19.5,20-23,81.26,83,210.0,135.0,230.0,388.75
Niek de Gries,M,21.5,20-23,107.28,120,230.0,155.0,272.5,390.03
Kiran Goossens,M,19.5,20-23,73.3,74,205.0,120.0,215.0,391.07
Sebastian Speekenbrink,M,18.5,18-19,89.08,93,225.0,130.0,250.0,388.27
Ries de Haan,M,24.5,24-34,88.9,93,240.0,155.0,275.0,430.44
Bob van den Boogaard,M,22.5,20-23,92.4,93,300.5,180.0,310.0,498.12
Frank van Leeuwen,M,32.0,24-34,99.6,100,230.0,145.0,272.5,394.7
Philip Merino,M,20.5,20-23,90.16,93,240.0,162.5,270.0,428.93
Terence Peterson,M,23.5,24-34,74.0,74,190.0,132.5,270.0,426.19
Leroy Sinay,M,22.5,20-23,72.8,74,200.0,127.5,240.0,413.03
Naadir Twahir,M,17.5,18-19,57.71,59,160.0,100.0,195.0,402.38
Boudewijn Bark,M,24.5,24-34,102.85,105,247.5,142.5,262.5,392.83
Siebren Marinus,M,20.5,20-23,119.48,120,262.5,165.0,287.5,411.49
Marcel Wagelaar,M,37.0,35-39,131.8,140,225.0,180.0,307.5,402.01
Felix van der Flier,M,22.5,20-23,92.6,93,240.0,132.5,290.0,417.03
Niek Bronsvoort,M,22.5,20-23,92.06,93,222.5,155.0,280.0,415.05
Sanne Visser,F,26.5,24-34,77.3,84,145.0,90.0,185.0,391.97
Larissa Harshagen,F,25.5,24-34,88.81,84+,170.0,107.5,185.0,401.89
Michael Freriks,M,27.5,24-34,117.01,120,240.0,190.0,260.0,399.13
Geronimo Niklas,M,22.5,20-23,72.6,74,195.0,150.0,242.5,428.44
Esmee Dijjers,F,25.5,24-34,62.4,63,150.0,85.0,195.0,465.17
Gerard Pruijsen,M,31.5,24-34,82.1,83,230.0,150.0,250.0,423.28
Darell Gurzenda,M,25.0,24-34,98.2,100,210.0,150.0,285.0,395.47
Martijn Hazeleger,M,23.5,24-34,88.54,93,225.0,150.0,267.5,413.65
Roel Mierlo,M,30.0,24-34,107.2,110,230.0,170.0,270.0,397.54
Lorenzo van der Loo,M,22.5,20-23,82.42,83,257.5,165.0,280.0,470.88
Lise Goldman,F,25.5,24-34,62.2,63,142.5,90.0,157.5,422.93
Halim Schultz,M,22.5,20-23,109.8,120,245.0,175.0,292.5,419.54
Arnold Veenhof,M,22.5,20-23,73.75,74,245.0,152.5,257.5,472.29
Brian Koorn,M,29.5,24-34,138.5,120+,255.0,192.5,282.5,408.59
Roger Hijlaard,M,22.5,20-23,88.9,93,227.5,140.0,250.0,396.71
Hessel Veltman,M,27.5,24-34,81.68,83,197.5,145.0,255.0,402.69
Martin Tan,M,24.5,24-34,73.32,74,192.5,140.0,245.0,418.15
Vito Minheere,M,24.5,24-34,95.29,105,245.0,137.5,322.5,437.93
Thomas Nigon,M,23.5,24-34,92.52,93,220.0,150.0,295.0,418.78
Miriam Amri,F,26.5,24-34,57.0,57,137.5,77.5,182.5,461.26
Femke Ploeg,F,21.5,20-23,73.34,76,145.0,85.0,180.0,395.36
Hans van Rootselaar,M,25.5,24-34,91.42,93,222.5,162.5,245.0,399.05
Christophe Rebreyend,M,28.5,24-34,162.5,120+,340.0,205.0,355.0,492.25
Remco Bourgeois,M,28.5,24-34,80.7,83,190.0,130.0,270.0,400.6
Alexander Vermetten,M,21.5,20-23,104.8,105,260.0,170.0,340.5,460.72
Rim Pinckers,M,29.5,24-34,87.33,93,232.5,142.5,242.5,400.48
Mardi Don Emanuel,M,20.5,20-23,73.42,74,190.0,130.0,237.5,403.27
Job Lucas,M,22.5,20-23,91.52,93,260.0,165.0,275.0,443.15
Peter Zuiderhof,M,21.5,20-23,90.42,93,215.0,160.0,255.0,401.24
Erik van den Bulk,M,23.5,24-34,100.83,105,235.0,162.5,267.5,403.39
Sil Maris,M,24.5,24-34,82.52,83,255.5,156.0,275.0,459.82
Alex Yang,M,24.5,24-34,73.6,74,197.5,142.5,222.5,406.18
Martijn de Olde,M,24.5,24-34,73.2,74,200.0,127.5,250.0,418.64
Shane Tol,M,22.5,20-23,80.08,83,222.5,130.0,257.5,416.18
Remco Sanders,M,30.5,24-34,73.15,74,232.5,157.5,282.5,487.75
Juan Lovera,M,26.5,24-34,101.62,105,230.0,180.0,310.0,435.44
Tanno de Pender,M,28.5,24-34,91.98,93,275.0,192.5,325.5,500.8
Cerian Veilbrief,M,22.5,20-23,91.59,93,235.0,150.0,255.0,405.01
Kadim Al-Buarab,M,33.0,24-34,81.7,82.5,212.5,145.0,245.0,406.0
Aldreyson Ortega,M,25.5,24-34,92.65,93,260.0,157.5,316.5,461.92
Danielle Huijser,F,29.5,24-34,75.14,76,172.5,103.5,195.0,447.23
Tarik Azzaoui,M,21.5,20-23,91.2,93,220.0,160.0,260.0,405.87
Ankie Timmers,F,32.5,24-34,80.5,84,180.0,120.0,217.5,471.89
Jeroen Winnen,M,35.5,35-39,81.4,83,210.0,155.0,252.5,417.04
Fabian Reehuis,M,26.5,24-34,101.96,105,252.5,147.5,275.0,407.7
Tyrese Zichem,M,20.5,20-23,64.9,66,200.0,107.5,245.0,439.91
Khubeib Al Jabar,M,27.5,24-34,104.52,105,235.0,177.5,302.5,427.94
Pleun Dekkers,F,27.5,24-34,51.75,52,168.5,85.0,170.0,529.92
Daan Wesdorp,M,21.5,20-23,110.76,120,250.0,175.0,292.5,421.36
Marco Lee,M,23.5,24-34,73.7,74,212.5,165.5,250.0,453.04
Niek van der Steen,M,25.5,24-34,82.1,83,210.0,145.0,255.0,409.84
Catherine Maceo,F,28.5,24-34,61.54,63,140.0,80.0,160.0,415.46
Martijn Heidemans,M,26.5,24-34,81.96,83,225.0,147.5,270.0,432.12
Harm ten Klooster,M,20.5,20-23,81.58,83,207.5,122.5,280.0,411.42
Janna Hallink,F,23.5,24-34,73.94,76,150.0,92.5,182.5,407.68
Sharr Beeren,F,27.5,24-34,71.6,72,170.0,87.5,190.0,438.41
Sherif van der Lans,M,27.5,24-34,102.35,105,235.0,157.5,292.5,413.14
Mylène Soeterbroek,F,24.5,24-34,55.22,57,120.0,72.5,165.0,425.29
Tsjerk Lek,M,22.5,20-23,82.8,83,225.0,155.0,240.0,414.44
Sebastiaan Slotema,M,31.0,24-34,110.0,110,300.0,205.0,310.0,479.62
Sijun Wu,M,35.5,35-39,81.9,83,210.0,130.0,290.0,423.9
Aaron van der Wolde,M,22.5,20-23,100.05,105,270.0,177.5,310.0,460.91
Teun Moors,M,36.5,35-39,119.25,120,270.0,190.0,341.0,461.19
Jugraj Singh,M,21.0,20-23,104.98,105,265.0,175.5,265.0,421.6
Bart Sprengelmeijer,M,28.5,24-34,82.51,83,247.5,150.0,265.0,443.78
Glenn Kofman,M,31.5,24-34,116.76,120,300.5,195.0,305.0,463.3
Pjotr van den Hoek,M,45.5,45-49,104.8,105,285.0,200.0,300.0,469.39
Collin Yakwo,M,21.5,20-23,103.3,105,247.5,180.0,280.0,425.25
Lapanda Mampikin,F,54.5,50-54,80.2,84,160.0,87.5,210.0,418.04
Richard van Bezooijen,M,24.5,24-34,90.7,93,285.0,187.5,307.5,496.01
Lennart Bolks,M,22.5,20-23,91.68,93,240.0,180.0,255.0,426.96
Lex van Haaren,M,22.5,20-23,101.16,105,295.0,170.0,300.0,463.46
Boyd Slager,M,27.0,24-34,97.4,100,240.0,192.5,280.0,438.36
Timothy Martens,M,26.5,24-34,82.18,83,222.5,150.0,302.5,453.24
Matiss Peca,M,32.5,24-34,109.2,120,272.5,180.0,280.0,432.05
Emiel Oldenkamp,M,23.0,20-23,115.2,120,240.0,175.0,332.5,434.13
Esmee Dijers,F,24.5,24-34,62.51,63,145.0,75.0,185.0,437.54
Mylène van der Spek,F,28.5,24-34,55.95,57,157.5,82.5,177.5,491.58
Betty Aborah,F,19.5,20-23,63.78,69,147.5,82.5,202.5,460.2
Jody de Ruiter,M,25.5,24-34,92.35,93,247.5,165.0,285.0,439.63
Mitchell Ronde,M,24.5,24-34,104.46,105,265.0,170.0,325.0,454.97
Jordi Snijders,M,32.5,24-34,125.8,120+,312.5,240.0,290.0,479.48
Jaap Fahner,M,52.0,50-54,125.0,125,285.0,195.0,320.0,455.88
Alexander Lutterman,M,19.0,18-19,82.5,82.5,230.0,150.0,292.5,450.51
Mitchel Ronde,M,24.5,24-34,104.34,105,255.0,180.0,327.5,456.65
Willem van der Wal,M,29.5,24-34,86.89,93,255.0,170.0,315.0,481.25
Ielja Strik,F,43.5,40-44,83.74,84,205.0,132.5,200.0,480.06
